"GEO_ID","NAME","B25003_001E","B25003_001M","B25003_002E","B25003_002M","B25003_003E","B25003_003M",
"Geography","Geographic Area Name","Estimate!!Total:","Margin of Error!!Total:","Estimate!!Total:!!Owner occupied","Margin of Error!!Total:!!Owner occupied","Estimate!!Total:!!Renter occupied","Margin of Error!!Total:!!Renter occupied",
"1400000US06073000100","Census Tract 1; San Diego County; California","1178","143","1067","143","111","76",
"1400000US06073000201","Census Tract 2.01; San Diego County; California","1180","129","534","114","646","108",
"1400000US06073000202","Census Tract 2.02; San Diego County; California","2240","286","1003","207","1237","262",
"1400000US06073000301","Census Tract 3.01; San Diego County; California","1302","187","345","99","957","188",
"1400000US06073000302","Census Tract 3.02; San Diego County; California","1818","195","501","104","1317","209",
"1400000US06073000400","Census Tract 4; San Diego County; California","2588","245","510","189","2078","264",
"1400000US06073000500","Census Tract 5; San Diego County; California","1604","172","558","99","1046","153",
"1400000US06073000600","Census Tract 6; San Diego County; California","2047","173","764","145","1283","218",
"1400000US06073000700","Census Tract 7; San Diego County; California","2626","340","716","176","1910","342",
"1400000US06073000800","Census Tract 8; San Diego County; California","2966","261","949","219","2017","302",
"1400000US06073000901","Census Tract 9.01; San Diego County; California","2062","220","239","90","1823","239",
"1400000US06073000902","Census Tract 9.02; San Diego County; California","1541","172","247","122","1294","164",
"1400000US06073001000","Census Tract 10; San Diego County; California","2728","254","445","139","2283","260",
"1400000US06073001100","Census Tract 11; San Diego County; California","1745","231","473","106","1272","231",
"1400000US06073001201","Census Tract 12.01; San Diego County; California","1346","318","114","63","1232","321",
"1400000US06073001202","Census Tract 12.02; San Diego County; California","1775","255","394","172","1381","201",
"1400000US06073001301","Census Tract 13.01; San Diego County; California","1593","211","397","139","1196","180",
"1400000US06073001302","Census Tract 13.02; San Diego County; California","2161","224","349","113","1812","240",
"1400000US06073001400","Census Tract 14; San Diego County; California","1874","236","654","118","1220","238",
"1400000US06073001500","Census Tract 15; San Diego County; California","2032","181","693","134","1339","204",
"1400000US06073001600","Census Tract 16; San Diego County; California","2349","257","513","159","1836","283",
"1400000US06073001700","Census Tract 17; San Diego County; California","2508","374","736","184","1772","384",
"1400000US06073001801","Census Tract 18.01; San Diego County; California","992","112","313","95","679","107",
"1400000US06073001802","Census Tract 18.02; San Diego County; California","1917","266","278","113","1639","286",
"1400000US06073001900","Census Tract 19; San Diego County; California","1556","170","948","160","608","131",
"1400000US06073002001","Census Tract 20.01; San Diego County; California","1549","95","1264","126","285","101",
"1400000US06073002002","Census Tract 20.02; San Diego County; California","1157","147","811","118","346","148",
"1400000US06073002100","Census Tract 21; San Diego County; California","2592","400","432","137","2160","380",
"1400000US06073002201","Census Tract 22.01; San Diego County; California","1433","461","430","442","1003","159",
"1400000US06073002202","Census Tract 22.02; San Diego County; California","1603","159","144","112","1459","172",
"1400000US06073002301","Census Tract 23.01; San Diego County; California","1511","239","305","142","1206","201",
"1400000US06073002302","Census Tract 23.02; San Diego County; California","2039","384","367","316","1672","259",
"1400000US06073002401","Census Tract 24.01; San Diego County; California","1689","163","360","116","1329","174",
"1400000US06073002402","Census Tract 24.02; San Diego County; California","1733","377","195","99","1538","389",
"1400000US06073002501","Census Tract 25.01; San Diego County; California","1442","132","664","97","778","166",
"1400000US06073002502","Census Tract 25.02; San Diego County; California","2393","260","1332","301","1061","242",
"1400000US06073002601","Census Tract 26.01; San Diego County; California","1609","177","568","129","1041","175",
"1400000US06073002602","Census Tract 26.02; San Diego County; California","1407","306","327","83","1080","324",
"1400000US06073002702","Census Tract 27.02; San Diego County; California","2021","175","919","207","1102","187",
"1400000US06073002703","Census Tract 27.03; San Diego County; California","2338","294","1173","258","1165","365",
"1400000US06073002705","Census Tract 27.05; San Diego County; California","1521","311","747","234","774","280",
"1400000US06073002707","Census Tract 27.07; San Diego County; California","1614","265","154","89","1460","275",
"1400000US06073002708","Census Tract 27.08; San Diego County; California","1974","197","58","55","1916","209",
"1400000US06073002709","Census Tract 27.09; San Diego County; California","1194","179","272","67","922","177",
"1400000US06073002710","Census Tract 27.10; San Diego County; California","1112","127","276","116","836","144",
"1400000US06073002711","Census Tract 27.11; San Diego County; California","1041","113","397","83","644","119",
"1400000US06073002712","Census Tract 27.12; San Diego County; California","1767","161","1000","167","767","176",
"1400000US06073002801","Census Tract 28.01; San Diego County; California","516","99","318","48","198","88",
"1400000US06073002803","Census Tract 28.03; San Diego County; California","2573","222","850","171","1723","272",
"1400000US06073002804","Census Tract 28.04; San Diego County; California","1608","188","917","150","691","193",
"1400000US06073002902","Census Tract 29.02; San Diego County; California","2660","263","1410","217","1250","236",
"1400000US06073002903","Census Tract 29.03; San Diego County; California","1596","380","1145","384","451","107",
"1400000US06073002904","Census Tract 29.04; San Diego County; California","2550","318","438","146","2112","317",
"1400000US06073002905","Census Tract 29.05; San Diego County; California","1858","205","790","203","1068","209",
"1400000US06073003001","Census Tract 30.01; San Diego County; California","1187","147","779","160","408","138",
"1400000US06073003003","Census Tract 30.03; San Diego County; California","1554","128","1234","198","320","139",
"1400000US06073003004","Census Tract 30.04; San Diego County; California","1484","173","631","200","853","144",
"1400000US06073003101","Census Tract 31.01; San Diego County; California","1039","113","755","143","284","140",
"1400000US06073003103","Census Tract 31.03; San Diego County; California","1731","171","1607","197","124","77",
"1400000US06073003105","Census Tract 31.05; San Diego County; California","1300","226","1029","218","271","131",
"1400000US06073003107","Census Tract 31.07; San Diego County; California","1527","155","1265","180","262","93",
"1400000US06073003108","Census Tract 31.08; San Diego County; California","1001","122","836","123","165","65",
"1400000US06073003109","Census Tract 31.09; San Diego County; California","886","141","795","144","91","46",
"1400000US06073003111","Census Tract 31.11; San Diego County; California","1844","180","713","148","1131","163",
"1400000US06073003112","Census Tract 31.12; San Diego County; California","1188","119","872","142","316","113",
"1400000US06073003113","Census Tract 31.13; San Diego County; California","1197","110","764","136","433","113",
"1400000US06073003114","Census Tract 31.14; San Diego County; California","872","137","749","129","123","76",
"1400000US06073003115","Census Tract 31.15; San Diego County; California","1738","132","1255","167","483","112",
"1400000US06073003201","Census Tract 32.01; San Diego County; California","1531","302","542","136","989","277",
"1400000US06073003202","Census Tract 32.02; San Diego County; California","1297","111","1122","142","175","97",
"1400000US06073003204","Census Tract 32.04; San Diego County; California","1099","118","886","158","213","93",
"1400000US06073003207","Census Tract 32.07; San Diego County; California","2280","321","1266","210","1014","315",
"1400000US06073003208","Census Tract 32.08; San Diego County; California","1929","201","849","224","1080","176",
"1400000US06073003209","Census Tract 32.09; San Diego County; California","1774","211","619","149","1155","225",
"1400000US06073003211","Census Tract 32.11; San Diego County; California","895","109","658","99","237","130",
"1400000US06073003212","Census Tract 32.12; San Diego County; California","1045","88","818","134","227","93",
"1400000US06073003213","Census Tract 32.13; San Diego County; California","1028","76","777","132","251","131",
"1400000US06073003214","Census Tract 32.14; San Diego County; California","1586","236","932","199","654","174",
"1400000US06073003301","Census Tract 33.01; San Diego County; California","1013","116","372","82","641","134",
"1400000US06073003303","Census Tract 33.03; San Diego County; California","1412","214","448","210","964","183",
"1400000US06073003304","Census Tract 33.04; San Diego County; California","1132","150","292","86","840","158",
"1400000US06073003305","Census Tract 33.05; San Diego County; California","1659","196","577","120","1082","194",
"1400000US06073003401","Census Tract 34.01; San Diego County; California","2023","266","1166","190","857","265",
"1400000US06073003403","Census Tract 34.03; San Diego County; California","999","132","437","112","562","149",
"1400000US06073003404","Census Tract 34.04; San Diego County; California","1131","162","316","95","815","183",
"1400000US06073003501","Census Tract 35.01; San Diego County; California","1004","160","442","179","562","155",
"1400000US06073003502","Census Tract 35.02; San Diego County; California","1188","152","357","123","831","143",
"1400000US06073003601","Census Tract 36.01; San Diego County; California","749","132","304","55","445","137",
"1400000US06073003602","Census Tract 36.02; San Diego County; California","840","130","234","66","606","138",
"1400000US06073003603","Census Tract 36.03; San Diego County; California","984","104","295","74","689","121",
"1400000US06073003800","Census Tract 38; San Diego County; California","15","26","0","14","15","26",
"1400000US06073003901","Census Tract 39.01; San Diego County; California","1070","138","339","101","731","147",
"1400000US06073003902","Census Tract 39.02; San Diego County; California","1366","261","298","163","1068","270",
"1400000US06073004000","Census Tract 40; San Diego County; California","1183","169","385","144","798","192",
"1400000US06073004101","Census Tract 41.01; San Diego County; California","2238","426","760","289","1478","408",
"1400000US06073004102","Census Tract 41.02; San Diego County; California","839","215","77","26","762","218",
"1400000US06073004200","Census Tract 42; San Diego County; California","2346","227","1458","227","888","205",
"1400000US06073004300","Census Tract 43; San Diego County; California","1948","217","863","155","1085","203",
"1400000US06073004400","Census Tract 44; San Diego County; California","1783","196","856","185","927","162",
"1400000US06073004501","Census Tract 45.01; San Diego County; California","1541","172","85","44","1456","181",
"1400000US06073004600","Census Tract 46; San Diego County; California","1093","151","192","92","901","125",
"1400000US06073004700","Census Tract 47; San Diego County; California","716","165","193","67","523","157",
"1400000US06073004800","Census Tract 48; San Diego County; California","1253","289","497","279","756","142",
"1400000US06073004900","Census Tract 49; San Diego County; California","1599","225","377","136","1222","207",
"1400000US06073005000","Census Tract 50; San Diego County; California","719","152","114","69","605","167",
"1400000US06073005101","Census Tract 51.01; San Diego County; California","1789","215","56","69","1733","212",
"1400000US06073005102","Census Tract 51.02; San Diego County; California","3519","299","785","238","2734","364",
"1400000US06073005103","Census Tract 51.03; San Diego County; California","736","216","45","33","691","215",
"1400000US06073005201","Census Tract 52.01; San Diego County; California","2076","254","199","92","1877","244",
"1400000US06073005202","Census Tract 52.02; San Diego County; California","3521","371","188","106","3333","369",
"1400000US06073005301","Census Tract 53.01; San Diego County; California","2218","242","172","78","2046","249",
"1400000US06073005302","Census Tract 53.02; San Diego County; California","1412","246","318","171","1094","224",
"1400000US06073005401","Census Tract 54.01; San Diego County; California","1227","280","742","296","485","201",
"1400000US06073005402","Census Tract 54.02; San Diego County; California","2686","494","1558","283","1128","438",
"1400000US06073005403","Census Tract 54.03; San Diego County; California","1547","210","750","186","797","164",
"1400000US06073005500","Census Tract 55; San Diego County; California","14","19","0","14","14","19",
"1400000US06073005601","Census Tract 56.01; San Diego County; California","1944","233","100","83","1844","229",
"1400000US06073005602","Census Tract 56.02; San Diego County; California","1301","161","733","177","568","144",
"1400000US06073005700","Census Tract 57; San Diego County; California","1017","124","88","31","929","122",
"1400000US06073005801","Census Tract 58.01; San Diego County; California","1306","124","120","58","1186","132",
"1400000US06073005802","Census Tract 58.02; San Diego County; California","1905","221","510","155","1395","255",
"1400000US06073005900","Census Tract 59; San Diego County; California","2103","246","308","110","1795","255",
"1400000US06073006000","Census Tract 60; San Diego County; California","2677","263","1144","207","1533","319",
"1400000US06073006100","Census Tract 61; San Diego County; California","1032","146","439","96","593","156",
"1400000US06073006200","Census Tract 62; San Diego County; California","0","14","0","14","0","14",
"1400000US06073006300","Census Tract 63; San Diego County; California","0","14","0","14","0","14",
"1400000US06073006500","Census Tract 65; San Diego County; California","1652","198","338","154","1314","223",
"1400000US06073006600","Census Tract 66; San Diego County; California","477","74","0","14","477","74",
"1400000US06073006801","Census Tract 68.01; San Diego County; California","1571","231","465","97","1106","234",
"1400000US06073006802","Census Tract 68.02; San Diego County; California","2597","277","452","128","2145","283",
"1400000US06073006900","Census Tract 69; San Diego County; California","2203","234","1535","180","668","265",
"1400000US06073007002","Census Tract 70.02; San Diego County; California","1256","132","1108","131","148","93",
"1400000US06073007100","Census Tract 71; San Diego County; California","2105","308","1545","271","560","226",
"1400000US06073007200","Census Tract 72; San Diego County; California","1589","137","1268","157","321","110",
"1400000US06073007302","Census Tract 73.02; San Diego County; California","984","172","780","112","204","150",
"1400000US06073007303","Census Tract 73.03; San Diego County; California","921","121","211","67","710","124",
"1400000US06073007304","Census Tract 73.04; San Diego County; California","2063","307","460","273","1603","230",
"1400000US06073007401","Census Tract 74.01; San Diego County; California","1440","298","615","165","825","301",
"1400000US06073007402","Census Tract 74.02; San Diego County; California","1703","245","704","178","999","237",
"1400000US06073007501","Census Tract 75.01; San Diego County; California","2072","278","257","124","1815","285",
"1400000US06073007502","Census Tract 75.02; San Diego County; California","1683","193","259","93","1424","183",
"1400000US06073007601","Census Tract 76.01; San Diego County; California","974","221","494","198","480","133",
"1400000US06073007602","Census Tract 76.02; San Diego County; California","1052","232","269","124","783","242",
"1400000US06073007701","Census Tract 77.01; San Diego County; California","2009","260","646","142","1363","238",
"1400000US06073007702","Census Tract 77.02; San Diego County; California","1829","262","236","105","1593","264",
"1400000US06073007800","Census Tract 78; San Diego County; California","2742","468","459","142","2283","491",
"1400000US06073007905","Census Tract 79.05; San Diego County; California","1426","194","290","111","1136","187",
"1400000US06073007907","Census Tract 79.07; San Diego County; California","1667","157","277","100","1390","172",
"1400000US06073007908","Census Tract 79.08; San Diego County; California","1655","211","217","81","1438","219",
"1400000US06073007910","Census Tract 79.10; San Diego County; California","1624","171","332","117","1292","161",
"1400000US06073007911","Census Tract 79.11; San Diego County; California","1382","144","751","152","631","140",
"1400000US06073007912","Census Tract 79.12; San Diego County; California","923","96","118","59","805","110",
"1400000US06073008002","Census Tract 80.02; San Diego County; California","1029","107","777","101","252","75",
"1400000US06073008003","Census Tract 80.03; San Diego County; California","1885","432","781","398","1104","183",
"1400000US06073008006","Census Tract 80.06; San Diego County; California","1873","224","677","134","1196","189",
"1400000US06073008101","Census Tract 81.01; San Diego County; California","1761","303","639","130","1122","277",
"1400000US06073008102","Census Tract 81.02; San Diego County; California","1389","199","1042","194","347","109",
"1400000US06073008201","Census Tract 82.01; San Diego County; California","950","159","431","96","519","166",
"1400000US06073008202","Census Tract 82.02; San Diego County; California","659","151","239","72","420","142",
"1400000US06073008301","Census Tract 83.01; San Diego County; California","1347","180","1119","189","228","78",
"1400000US06073008303","Census Tract 83.03; San Diego County; California","1341","157","1072","172","269","109",
"1400000US06073008305","Census Tract 83.05; San Diego County; California","471","68","11","13","460","70",
"1400000US06073008306","Census Tract 83.06; San Diego County; California","1092","79","1005","89","87","53",
"1400000US06073008307","Census Tract 83.07; San Diego County; California","1664","251","1314","253","350","98",
"1400000US06073008310","Census Tract 83.10; San Diego County; California","2457","216","2273","226","184","114",
"1400000US06073008311","Census Tract 83.11; San Diego County; California","1088","139","1037","139","51","42",
"1400000US06073008312","Census Tract 83.12; San Diego County; California","1677","182","1163","168","514","147",
"1400000US06073008313","Census Tract 83.13; San Diego County; California","809","87","697","83","112","53",
"1400000US06073008324","Census Tract 83.24; San Diego County; California","2938","390","2339","431","599","184",
"1400000US06073008327","Census Tract 83.27; San Diego County; California","2415","267","1778","278","637","182",
"1400000US06073008328","Census Tract 83.28; San Diego County; California","2580","341","2312","344","268","150",
"1400000US06073008330","Census Tract 83.30; San Diego County; California","1922","145","1097","178","825","166",
"1400000US06073008331","Census Tract 83.31; San Diego County; California","945","144","851","152","94","39",
"1400000US06073008336","Census Tract 83.36; San Diego County; California","757","61","713","64","44","26",
"1400000US06073008337","Census Tract 83.37; San Diego County; California","1521","179","1214","177","307","126",
"1400000US06073008339","Census Tract 83.39; San Diego County; California","771","96","178","53","593","100",
"1400000US06073008343","Census Tract 83.43; San Diego County; California","1795","132","356","99","1439","155",
"1400000US06073008344","Census Tract 83.44; San Diego County; California","1189","142","924","159","265","93",
"1400000US06073008345","Census Tract 83.45; San Diego County; California","1884","234","819","158","1065","223",
"1400000US06073008346","Census Tract 83.46; San Diego County; California","1604","135","1202","161","402","112",
"1400000US06073008347","Census Tract 83.47; San Diego County; California","2003","204","1393","212","610","178",
"1400000US06073008348","Census Tract 83.48; San Diego County; California","1712","164","1221","150","491","104",
"1400000US06073008349","Census Tract 83.49; San Diego County; California","1102","112","720","100","382","110",
"1400000US06073008350","Census Tract 83.50; San Diego County; California","2220","197","1134","188","1086","217",
"1400000US06073008351","Census Tract 83.51; San Diego County; California","1415","190","761","148","654","170",
"1400000US06073008352","Census Tract 83.52; San Diego County; California","977","131","552","102","425","91",
"1400000US06073008353","Census Tract 83.53; San Diego County; California","1529","203","1136","213","393","89",
"1400000US06073008355","Census Tract 83.55; San Diego County; California","972","65","607","85","365","78",
"1400000US06073008356","Census Tract 83.56; San Diego County; California","1368","156","798","130","570","173",
"1400000US06073008357","Census Tract 83.57; San Diego County; California","1551","114","862","121","689","156",
"1400000US06073008358","Census Tract 83.58; San Diego County; California","1949","296","1263","233","686","228",
"1400000US06073008359","Census Tract 83.59; San Diego County; California","1822","191","340","81","1482","190",
"1400000US06073008360","Census Tract 83.60; San Diego County; California","2418","385","1305","324","1113","296",
"1400000US06073008361","Census Tract 83.61; San Diego County; California","1563","173","565","157","998","137",
"1400000US06073008362","Census Tract 83.62; San Diego County; California","1582","229","793","230","789","141",
"1400000US06073008363","Census Tract 83.63; San Diego County; California","1962","211","138","75","1824","192",
"1400000US06073008364","Census Tract 83.64; San Diego County; California","2300","244","903","197","1397","219",
"1400000US06073008365","Census Tract 83.65; San Diego County; California","928","142","861","143","67","34",
"1400000US06073008366","Census Tract 83.66; San Diego County; California","2413","330","2101","341","312","149",
"1400000US06073008367","Census Tract 83.67; San Diego County; California","1236","151","621","127","615","186",
"1400000US06073008368","Census Tract 83.68; San Diego County; California","1851","155","1637","167","214","99",
"1400000US06073008369","Census Tract 83.69; San Diego County; California","2120","519","777","447","1343","278",
"1400000US06073008370","Census Tract 83.70; San Diego County; California","1607","201","903","181","704","158",
"1400000US06073008371","Census Tract 83.71; San Diego County; California","1680","201","419","84","1261","199",
"1400000US06073008372","Census Tract 83.72; San Diego County; California","1350","217","763","131","587","191",
"1400000US06073008373","Census Tract 83.73; San Diego County; California","1283","137","691","154","592","126",
"1400000US06073008374","Census Tract 83.74; San Diego County; California","1225","123","1090","132","135","69",
"1400000US06073008375","Census Tract 83.75; San Diego County; California","2191","249","482","184","1709","253",
"1400000US06073008376","Census Tract 83.76; San Diego County; California","2845","230","432","120","2413","236",
"1400000US06073008377","Census Tract 83.77; San Diego County; California","1028","137","305","82","723","121",
"1400000US06073008378","Census Tract 83.78; San Diego County; California","391","65","63","61","328","80",
"1400000US06073008379","Census Tract 83.79; San Diego County; California","1977","268","167","200","1810","215",
"1400000US06073008380","Census Tract 83.80; San Diego County; California","2938","343","655","150","2283","369",
"1400000US06073008381","Census Tract 83.81; San Diego County; California","1020","231","322","73","698","218",
"1400000US06073008501","Census Tract 85.01; San Diego County; California","2170","225","1338","187","832","261",
"1400000US06073008502","Census Tract 85.02; San Diego County; California","2561","316","1848","341","713","181",
"1400000US06073008503","Census Tract 85.03; San Diego County; California","3119","427","1708","308","1411","343",
"1400000US06073008504","Census Tract 85.04; San Diego County; California","2299","251","1712","268","587","169",
"1400000US06073008505","Census Tract 85.05; San Diego County; California","2055","182","1170","223","885","229",
"1400000US06073008506","Census Tract 85.06; San Diego County; California","1589","179","860","122","729","169",
"1400000US06073008507","Census Tract 85.07; San Diego County; California","2459","253","1186","186","1273","246",
"1400000US06073008509","Census Tract 85.09; San Diego County; California","2758","331","1325","218","1433","370",
"1400000US06073008510","Census Tract 85.10; San Diego County; California","2662","316","1371","175","1291","330",
"1400000US06073008511","Census Tract 85.11; San Diego County; California","2679","455","915","437","1764","235",
"1400000US06073008512","Census Tract 85.12; San Diego County; California","1568","101","1194","111","374","70",
"1400000US06073008513","Census Tract 85.13; San Diego County; California","1163","128","775","108","388","130",
"1400000US06073008600","Census Tract 86; San Diego County; California","2255","345","1345","356","910","181",
"1400000US06073008701","Census Tract 87.01; San Diego County; California","1198","152","300","111","898","133",
"1400000US06073008702","Census Tract 87.02; San Diego County; California","1668","211","735","138","933","200",
"1400000US06073008800","Census Tract 88; San Diego County; California","2010","188","744","163","1266","206",
"1400000US06073008901","Census Tract 89.01; San Diego County; California","2573","226","1214","248","1359","238",
"1400000US06073008902","Census Tract 89.02; San Diego County; California","2156","226","784","202","1372","189",
"1400000US06073009000","Census Tract 90; San Diego County; California","1388","180","733","162","655","131",
"1400000US06073009101","Census Tract 91.01; San Diego County; California","2337","305","1395","215","942","338",
"1400000US06073009102","Census Tract 91.02; San Diego County; California","2067","365","350","83","1717","376",
"1400000US06073009103","Census Tract 91.03; San Diego County; California","1568","153","1068","135","500","126",
"1400000US06073009104","Census Tract 91.04; San Diego County; California","1127","120","883","137","244","93",
"1400000US06073009107","Census Tract 91.07; San Diego County; California","2438","216","719","222","1719","247",
"1400000US06073009108","Census Tract 91.08; San Diego County; California","933","150","452","85","481","146",
"1400000US06073009109","Census Tract 91.09; San Diego County; California","20","15","0","14","20","15",
"1400000US06073009201","Census Tract 92.01; San Diego County; California","2318","283","515","127","1803","318",
"1400000US06073009203","Census Tract 92.03; San Diego County; California","2495","155","821","180","1674","204",
"1400000US06073009204","Census Tract 92.04; San Diego County; California","1375","218","961","148","414","225",
"1400000US06073009301","Census Tract 93.01; San Diego County; California","1838","261","993","222","845","241",
"1400000US06073009305","Census Tract 93.05; San Diego County; California","2355","290","973","272","1382","157",
"1400000US06073009306","Census Tract 93.06; San Diego County; California","2201","218","1054","252","1147","184",
"1400000US06073009307","Census Tract 93.07; San Diego County; California","2711","312","412","146","2299","327",
"1400000US06073009308","Census Tract 93.08; San Diego County; California","2185","226","489","198","1696","289",
"1400000US06073009400","Census Tract 94; San Diego County; California","515","89","0","14","515","89",
"1400000US06073009502","Census Tract 95.02; San Diego County; California","1552","197","1045","200","507","97",
"1400000US06073009504","Census Tract 95.04; San Diego County; California","2356","277","1852","255","504","200",
"1400000US06073009505","Census Tract 95.05; San Diego County; California","2809","282","1948","295","861","237",
"1400000US06073009506","Census Tract 95.06; San Diego County; California","1586","119","1189","156","397","115",
"1400000US06073009507","Census Tract 95.07; San Diego County; California","1503","269","868","160","635","233",
"1400000US06073009509","Census Tract 95.09; San Diego County; California","2521","260","499","128","2022","274",
"1400000US06073009510","Census Tract 95.10; San Diego County; California","1168","280","24","38","1144","288",
"1400000US06073009511","Census Tract 95.11; San Diego County; California","971","161","16","20","955","163",
"1400000US06073009602","Census Tract 96.02; San Diego County; California","1657","173","1246","146","411","152",
"1400000US06073009603","Census Tract 96.03; San Diego County; California","3549","300","1193","239","2356","356",
"1400000US06073009604","Census Tract 96.04; San Diego County; California","1545","180","898","160","647","162",
"1400000US06073009703","Census Tract 97.03; San Diego County; California","1241","108","1063","102","178","68",
"1400000US06073009704","Census Tract 97.04; San Diego County; California","2823","383","2031","384","792","202",
"1400000US06073009705","Census Tract 97.05; San Diego County; California","1402","76","1082","104","320","100",
"1400000US06073009706","Census Tract 97.06; San Diego County; California","2570","243","2109","242","461","216",
"1400000US06073009801","Census Tract 98.01; San Diego County; California","2126","275","1421","275","705","180",
"1400000US06073009802","Census Tract 98.02; San Diego County; California","2444","206","1320","222","1124","201",
"1400000US06073009804","Census Tract 98.04; San Diego County; California","1927","169","1615","190","312","129",
"1400000US06073009805","Census Tract 98.05; San Diego County; California","1863","121","1370","147","493","109",
"1400000US06073009901","Census Tract 99.01; San Diego County; California","9","9","4","6","5","7",
"1400000US06073009902","Census Tract 99.02; San Diego County; California","0","14","0","14","0","14",
"1400000US06073010001","Census Tract 100.01; San Diego County; California","1019","166","741","166","278","97",
"1400000US06073010003","Census Tract 100.03; San Diego County; California","1534","207","1407","240","127","87",
"1400000US06073010004","Census Tract 100.04; San Diego County; California","1096","103","906","154","190","100",
"1400000US06073010005","Census Tract 100.05; San Diego County; California","2268","334","658","167","1610","353",
"1400000US06073010009","Census Tract 100.09; San Diego County; California","1441","146","504","139","937","141",
"1400000US06073010010","Census Tract 100.10; San Diego County; California","1582","145","980","141","602","161",
"1400000US06073010011","Census Tract 100.11; San Diego County; California","1060","206","853","217","207","89",
"1400000US06073010012","Census Tract 100.12; San Diego County; California","1297","132","520","176","777","168",
"1400000US06073010013","Census Tract 100.13; San Diego County; California","1582","224","392","197","1190","162",
"1400000US06073010015","Census Tract 100.15; San Diego County; California","1428","179","1125","198","303","132",
"1400000US06073010016","Census Tract 100.16; San Diego County; California","0","14","0","14","0","14",
"1400000US06073010017","Census Tract 100.17; San Diego County; California","1820","181","1281","189","539","181",
"1400000US06073010018","Census Tract 100.18; San Diego County; California","2166","246","1186","201","980","230",
"1400000US06073010019","Census Tract 100.19; San Diego County; California","1052","117","516","115","536","162",
"1400000US06073010103","Census Tract 101.03; San Diego County; California","2186","371","898","292","1288","237",
"1400000US06073010104","Census Tract 101.04; San Diego County; California","1121","183","668","145","453","196",
"1400000US06073010106","Census Tract 101.06; San Diego County; California","1326","99","686","132","640","129",
"1400000US06073010107","Census Tract 101.07; San Diego County; California","1665","198","1104","207","561","157",
"1400000US06073010109","Census Tract 101.09; San Diego County; California","1112","161","851","153","261","143",
"1400000US06073010110","Census Tract 101.10; San Diego County; California","2002","217","868","187","1134","213",
"1400000US06073010111","Census Tract 101.11; San Diego County; California","865","124","413","94","452","109",
"1400000US06073010112","Census Tract 101.12; San Diego County; California","1494","205","277","115","1217","204",
"1400000US06073010201","Census Tract 102.01; San Diego County; California","1144","138","476","72","668","136",
"1400000US06073010202","Census Tract 102.02; San Diego County; California","1357","227","625","210","732","190",
"1400000US06073010300","Census Tract 103; San Diego County; California","1518","125","587","139","931","140",
"1400000US06073010401","Census Tract 104.01; San Diego County; California","813","109","200","52","613","111",
"1400000US06073010402","Census Tract 104.02; San Diego County; California","1811","161","479","120","1332","177",
"1400000US06073010501","Census Tract 105.01; San Diego County; California","554","78","288","62","266","77",
"1400000US06073010502","Census Tract 105.02; San Diego County; California","2143","252","273","135","1870","276",
"1400000US06073010601","Census Tract 106.01; San Diego County; California","926","147","732","151","194","81",
"1400000US06073010800","Census Tract 108; San Diego County; California","964","140","553","127","411","129",
"1400000US06073010900","Census Tract 109; San Diego County; California","621","92","400","76","221","65",
"1400000US06073011000","Census Tract 110; San Diego County; California","1427","230","531","178","896","189",
"1400000US06073011100","Census Tract 111; San Diego County; California","1581","189","792","171","789","151",
"1400000US06073011300","Census Tract 113; San Diego County; California","49","28","0","14","49","28",
"1400000US06073011601","Census Tract 116.01; San Diego County; California","1667","171","306","112","1361","197",
"1400000US06073011602","Census Tract 116.02; San Diego County; California","1315","313","517","163","798","310",
"1400000US06073011700","Census Tract 117; San Diego County; California","2649","297","507","211","2142","346",
"1400000US06073011801","Census Tract 118.01; San Diego County; California","1100","176","453","92","647","190",
"1400000US06073011802","Census Tract 118.02; San Diego County; California","2043","239","668","224","1375","195",
"1400000US06073011902","Census Tract 119.02; San Diego County; California","1898","214","1123","128","775","203",
"1400000US06073012002","Census Tract 120.02; San Diego County; California","1305","199","193","86","1112","221",
"1400000US06073012003","Census Tract 120.03; San Diego County; California","871","121","548","115","323","107",
"1400000US06073012101","Census Tract 121.01; San Diego County; California","698","74","337","85","361","90",
"1400000US06073012102","Census Tract 121.02; San Diego County; California","913","130","529","122","384","95",
"1400000US06073012200","Census Tract 122; San Diego County; California","940","156","572","167","368","102",
"1400000US06073012302","Census Tract 123.02; San Diego County; California","777","91","107","41","670","89",
"1400000US06073012303","Census Tract 123.03; San Diego County; California","1194","122","416","98","778","140",
"1400000US06073012304","Census Tract 123.04; San Diego County; California","1525","199","787","143","738","153",
"1400000US06073012401","Census Tract 124.01; San Diego County; California","1201","182","230","104","971","181",
"1400000US06073012402","Census Tract 124.02; San Diego County; California","1920","243","492","187","1428","219",
"1400000US06073012501","Census Tract 125.01; San Diego County; California","1498","133","524","116","974","148",
"1400000US06073012502","Census Tract 125.02; San Diego County; California","1695","183","408","122","1287","193",
"1400000US06073012600","Census Tract 126; San Diego County; California","1526","179","643","175","883","203",
"1400000US06073012700","Census Tract 127; San Diego County; California","1688","166","213","83","1475","174",
"1400000US06073012800","Census Tract 128; San Diego County; California","1331","144","805","158","526","131",
"1400000US06073012900","Census Tract 129; San Diego County; California","1123","130","689","119","434","137",
"1400000US06073013000","Census Tract 130; San Diego County; California","1874","204","691","150","1183","206",
"1400000US06073013102","Census Tract 131.02; San Diego County; California","2094","236","702","150","1392","258",
"1400000US06073013103","Census Tract 131.03; San Diego County; California","728","187","354","173","374","97",
"1400000US06073013104","Census Tract 131.04; San Diego County; California","1802","220","405","117","1397","235",
"1400000US06073013203","Census Tract 132.03; San Diego County; California","2113","190","360","193","1753","205",
"1400000US06073013204","Census Tract 132.04; San Diego County; California","1265","183","823","198","442","116",
"1400000US06073013205","Census Tract 132.05; San Diego County; California","700","114","344","105","356","113",
"1400000US06073013206","Census Tract 132.06; San Diego County; California","2148","214","816","164","1332","233",
"1400000US06073013301","Census Tract 133.01; San Diego County; California","1601","184","1070","211","531","133",
"1400000US06073013302","Census Tract 133.02; San Diego County; California","1467","236","1053","171","414","208",
"1400000US06073013303","Census Tract 133.03; San Diego County; California","1440","174","860","128","580","164",
"1400000US06073013306","Census Tract 133.06; San Diego County; California","1139","116","769","117","370","128",
"1400000US06073013307","Census Tract 133.07; San Diego County; California","1259","279","1058","283","201","95",
"1400000US06073013308","Census Tract 133.08; San Diego County; California","1064","156","643","174","421","136",
"1400000US06073013309","Census Tract 133.09; San Diego County; California","1889","203","1472","178","417","183",
"1400000US06073013312","Census Tract 133.12; San Diego County; California","896","143","671","145","225","103",
"1400000US06073013315","Census Tract 133.15; San Diego County; California","1208","137","948","157","260","110",
"1400000US06073013316","Census Tract 133.16; San Diego County; California","2231","317","1655","346","576","170",
"1400000US06073013317","Census Tract 133.17; San Diego County; California","5291","426","3842","439","1449","364",
"1400000US06073013318","Census Tract 133.18; San Diego County; California","2129","221","1774","258","355","212",
"1400000US06073013319","Census Tract 133.19; San Diego County; California","3228","332","1899","359","1329","337",
"1400000US06073013320","Census Tract 133.20; San Diego County; California","1867","146","1368","230","499","163",
"1400000US06073013321","Census Tract 133.21; San Diego County; California","2143","207","1753","210","390","168",
"1400000US06073013322","Census Tract 133.22; San Diego County; California","1106","32","807","100","299","107",
"1400000US06073013323","Census Tract 133.23; San Diego County; California","2076","523","1746","545","330","129",
"1400000US06073013324","Census Tract 133.24; San Diego County; California","906","45","301","101","605","108",
"1400000US06073013325","Census Tract 133.25; San Diego County; California","1952","377","673","242","1279","385",
"1400000US06073013326","Census Tract 133.26; San Diego County; California","1135","332","1005","343","130","81",
"1400000US06073013327","Census Tract 133.27; San Diego County; California","1715","414","779","190","936","386",
"1400000US06073013401","Census Tract 134.01; San Diego County; California","1370","151","1142","150","228","135",
"1400000US06073013409","Census Tract 134.09; San Diego County; California","1975","236","1311","209","664","121",
"1400000US06073013411","Census Tract 134.11; San Diego County; California","1654","142","1568","146","86","68",
"1400000US06073013412","Census Tract 134.12; San Diego County; California","1806","228","1191","214","615","174",
"1400000US06073013414","Census Tract 134.14; San Diego County; California","2489","422","2248","407","241","184",
"1400000US06073013415","Census Tract 134.15; San Diego County; California","527","64","426","69","101","47",
"1400000US06073013416","Census Tract 134.16; San Diego County; California","1212","168","1011","161","201","132",
"1400000US06073013417","Census Tract 134.17; San Diego County; California","668","88","603","96","65","47",
"1400000US06073013418","Census Tract 134.18; San Diego County; California","2086","359","1466","199","620","316",
"1400000US06073013420","Census Tract 134.20; San Diego County; California","993","82","416","90","577","113",
"1400000US06073013421","Census Tract 134.21; San Diego County; California","1299","151","1015","119","284","115",
"1400000US06073013422","Census Tract 134.22; San Diego County; California","1317","275","1194","281","123","80",
"1400000US06073013423","Census Tract 134.23; San Diego County; California","1013","84","820","118","193","93",
"1400000US06073013424","Census Tract 134.24; San Diego County; California","1858","405","1205","127","653","433",
"1400000US06073013425","Census Tract 134.25; San Diego County; California","507","46","489","50","18","18",
"1400000US06073013503","Census Tract 135.03; San Diego County; California","1882","146","1072","173","810","122",
"1400000US06073013504","Census Tract 135.04; San Diego County; California","1308","128","1066","129","242","101",
"1400000US06073013505","Census Tract 135.05; San Diego County; California","1960","255","1253","243","707","236",
"1400000US06073013506","Census Tract 135.06; San Diego County; California","1210","164","895","201","315","113",
"1400000US06073013601","Census Tract 136.01; San Diego County; California","1995","206","1566","205","429","114",
"1400000US06073013604","Census Tract 136.04; San Diego County; California","2024","232","1350","205","674","218",
"1400000US06073013605","Census Tract 136.05; San Diego County; California","2331","407","2117","415","214","122",
"1400000US06073013607","Census Tract 136.07; San Diego County; California","954","166","552","140","402","144",
"1400000US06073013608","Census Tract 136.08; San Diego County; California","1563","199","732","161","831","165",
"1400000US06073013701","Census Tract 137.01; San Diego County; California","853","80","658","92","195","69",
"1400000US06073013702","Census Tract 137.02; San Diego County; California","1687","138","780","121","907","194",
"1400000US06073013801","Census Tract 138.01; San Diego County; California","1805","193","1146","222","659","175",
"1400000US06073013802","Census Tract 138.02; San Diego County; California","880","66","363","77","517","65",
"1400000US06073013903","Census Tract 139.03; San Diego County; California","1161","123","790","117","371","123",
"1400000US06073013905","Census Tract 139.05; San Diego County; California","1218","170","1154","172","64","35",
"1400000US06073013906","Census Tract 139.06; San Diego County; California","1715","238","981","212","734","144",
"1400000US06073013907","Census Tract 139.07; San Diego County; California","1236","187","283","78","953","188",
"1400000US06073013908","Census Tract 139.08; San Diego County; California","1107","170","549","145","558","152",
"1400000US06073013909","Census Tract 139.09; San Diego County; California","1502","385","1358","359","144","97",
"1400000US06073014001","Census Tract 140.01; San Diego County; California","1521","166","924","172","597","170",
"1400000US06073014002","Census Tract 140.02; San Diego County; California","1200","157","995","144","205","90",
"1400000US06073014101","Census Tract 141.01; San Diego County; California","1260","173","969","191","291","95",
"1400000US06073014102","Census Tract 141.02; San Diego County; California","1063","119","837","99","226","109",
"1400000US06073014200","Census Tract 142; San Diego County; California","2003","230","1480","307","523","198",
"1400000US06073014300","Census Tract 143; San Diego County; California","1253","132","470","118","783","152",
"1400000US06073014400","Census Tract 144; San Diego County; California","1992","256","192","121","1800","227",
"1400000US06073014500","Census Tract 145; San Diego County; California","1439","132","748","147","691","99",
"1400000US06073014601","Census Tract 146.01; San Diego County; California","2299","354","824","173","1475","344",
"1400000US06073014602","Census Tract 146.02; San Diego County; California","1900","198","1165","182","735","148",
"1400000US06073014701","Census Tract 147.01; San Diego County; California","1454","211","825","193","629","157",
"1400000US06073014702","Census Tract 147.02; San Diego County; California","1584","278","1315","214","269","191",
"1400000US06073014803","Census Tract 148.03; San Diego County; California","2146","216","692","134","1454","235",
"1400000US06073014804","Census Tract 148.04; San Diego County; California","1946","213","1278","201","668","144",
"1400000US06073014805","Census Tract 148.05; San Diego County; California","2253","193","1053","230","1200","205",
"1400000US06073014806","Census Tract 148.06; San Diego County; California","1620","289","217","103","1403","296",
"1400000US06073014901","Census Tract 149.01; San Diego County; California","1855","187","724","131","1131","197",
"1400000US06073014902","Census Tract 149.02; San Diego County; California","1478","155","534","98","944","178",
"1400000US06073015001","Census Tract 150.01; San Diego County; California","1582","172","849","127","733","210",
"1400000US06073015002","Census Tract 150.02; San Diego County; California","1206","335","150","95","1056","345",
"1400000US06073015100","Census Tract 151; San Diego County; California","1763","184","1080","184","683","165",
"1400000US06073015200","Census Tract 152; San Diego County; California","1386","159","1287","164","99","67",
"1400000US06073015301","Census Tract 153.01; San Diego County; California","1081","160","646","128","435","167",
"1400000US06073015302","Census Tract 153.02; San Diego County; California","1415","177","1103","180","312","112",
"1400000US06073015403","Census Tract 154.03; San Diego County; California","830","71","702","80","128","68",
"1400000US06073015405","Census Tract 154.05; San Diego County; California","1731","116","1435","143","296","108",
"1400000US06073015406","Census Tract 154.06; San Diego County; California","862","76","813","77","49","35",
"1400000US06073015407","Census Tract 154.07; San Diego County; California","1265","181","284","107","981","202",
"1400000US06073015408","Census Tract 154.08; San Diego County; California","1392","194","1109","232","283","111",
"1400000US06073015501","Census Tract 155.01; San Diego County; California","1866","138","1745","155","121","73",
"1400000US06073015502","Census Tract 155.02; San Diego County; California","995","102","817","131","178","73",
"1400000US06073015601","Census Tract 156.01; San Diego County; California","2076","396","962","363","1114","252",
"1400000US06073015602","Census Tract 156.02; San Diego County; California","824","104","747","108","77","36",
"1400000US06073015701","Census Tract 157.01; San Diego County; California","2333","352","322","130","2011","366",
"1400000US06073015704","Census Tract 157.04; San Diego County; California","1439","223","498","141","941","226",
"1400000US06073015705","Census Tract 157.05; San Diego County; California","1279","97","197","94","1082","125",
"1400000US06073015706","Census Tract 157.06; San Diego County; California","814","128","211","82","603","130",
"1400000US06073015801","Census Tract 158.01; San Diego County; California","1450","204","62","42","1388","217",
"1400000US06073015802","Census Tract 158.02; San Diego County; California","1519","244","331","107","1188","260",
"1400000US06073015901","Census Tract 159.01; San Diego County; California","983","153","131","108","852","115",
"1400000US06073015902","Census Tract 159.02; San Diego County; California","1761","254","444","95","1317","254",
"1400000US06073016000","Census Tract 160; San Diego County; California","908","129","635","124","273","81",
"1400000US06073016100","Census Tract 161; San Diego County; California","2106","304","1541","275","565","183",
"1400000US06073016201","Census Tract 162.01; San Diego County; California","1895","127","1671","169","224","121",
"1400000US06073016202","Census Tract 162.02; San Diego County; California","1330","197","213","115","1117","180",
"1400000US06073016301","Census Tract 163.01; San Diego County; California","1806","178","699","132","1107","191",
"1400000US06073016302","Census Tract 163.02; San Diego County; California","1777","214","354","103","1423","224",
"1400000US06073016401","Census Tract 164.01; San Diego County; California","1690","180","1399","214","291","137",
"1400000US06073016403","Census Tract 164.03; San Diego County; California","1639","291","981","220","658","252",
"1400000US06073016404","Census Tract 164.04; San Diego County; California","905","153","329","156","576","140",
"1400000US06073016502","Census Tract 165.02; San Diego County; California","2479","296","756","185","1723","302",
"1400000US06073016503","Census Tract 165.03; San Diego County; California","951","107","570","98","381","118",
"1400000US06073016504","Census Tract 165.04; San Diego County; California","2243","206","609","165","1634","225",
"1400000US06073016606","Census Tract 166.06; San Diego County; California","1409","169","1060","158","349","95",
"1400000US06073016607","Census Tract 166.07; San Diego County; California","2461","283","1988","324","473","187",
"1400000US06073016608","Census Tract 166.08; San Diego County; California","811","64","739","68","72","43",
"1400000US06073016609","Census Tract 166.09; San Diego County; California","2016","203","1499","214","517","200",
"1400000US06073016610","Census Tract 166.10; San Diego County; California","1548","191","1181","204","367","123",
"1400000US06073016613","Census Tract 166.13; San Diego County; California","722","85","551","60","171","95",
"1400000US06073016614","Census Tract 166.14; San Diego County; California","1388","125","1185","139","203","81",
"1400000US06073016615","Census Tract 166.15; San Diego County; California","1247","117","685","143","562","137",
"1400000US06073016616","Census Tract 166.16; San Diego County; California","1373","180","812","219","561","138",
"1400000US06073016617","Census Tract 166.17; San Diego County; California","1588","174","716","149","872","154",
"1400000US06073016618","Census Tract 166.18; San Diego County; California","1618","173","1434","174","184","80",
"1400000US06073016619","Census Tract 166.19; San Diego County; California","1824","221","1187","159","637","238",
"1400000US06073016620","Census Tract 166.20; San Diego County; California","882","120","646","131","236","72",
"1400000US06073016621","Census Tract 166.21; San Diego County; California","1415","132","1267","142","148","79",
"1400000US06073016703","Census Tract 167.03; San Diego County; California","1152","272","664","110","488","273",
"1400000US06073016704","Census Tract 167.04; San Diego County; California","2436","280","1565","273","871","246",
"1400000US06073016705","Census Tract 167.05; San Diego County; California","1846","183","689","141","1157","229",
"1400000US06073016706","Census Tract 167.06; San Diego County; California","908","94","549","92","359","121",
"1400000US06073016804","Census Tract 168.04; San Diego County; California","2927","356","1053","347","1874","321",
"1400000US06073016806","Census Tract 168.06; San Diego County; California","1302","117","827","132","475","100",
"1400000US06073016807","Census Tract 168.07; San Diego County; California","2617","371","2325","373","292","151",
"1400000US06073016809","Census Tract 168.09; San Diego County; California","1881","171","1594","192","287","137",
"1400000US06073016810","Census Tract 168.10; San Diego County; California","883","64","754","70","129","47",
"1400000US06073016811","Census Tract 168.11; San Diego County; California","1681","200","1379","172","302","177",
"1400000US06073016812","Census Tract 168.12; San Diego County; California","1247","158","1152","166","95","46",
"1400000US06073016813","Census Tract 168.13; San Diego County; California","1140","69","1042","103","98","79",
"1400000US06073016901","Census Tract 169.01; San Diego County; California","2377","288","2057","297","320","219",
"1400000US06073016902","Census Tract 169.02; San Diego County; California","753","96","675","99","78","37",
"1400000US06073017006","Census Tract 170.06; San Diego County; California","1030","176","973","183","57","34",
"1400000US06073017009","Census Tract 170.09; San Diego County; California","1521","142","912","152","609","125",
"1400000US06073017010","Census Tract 170.10; San Diego County; California","967","89","857","109","110","54",
"1400000US06073017014","Census Tract 170.14; San Diego County; California","1582","244","1031","175","551","185",
"1400000US06073017018","Census Tract 170.18; San Diego County; California","1933","186","1068","201","865","164",
"1400000US06073017020","Census Tract 170.20; San Diego County; California","1539","202","1379","220","160","78",
"1400000US06073017021","Census Tract 170.21; San Diego County; California","1107","182","1029","175","78","67",
"1400000US06073017022","Census Tract 170.22; San Diego County; California","2247","228","1683","203","564","172",
"1400000US06073017031","Census Tract 170.31; San Diego County; California","1289","84","1011","105","278","89",
"1400000US06073017033","Census Tract 170.33; San Diego County; California","1914","180","1667","189","247","94",
"1400000US06073017034","Census Tract 170.34; San Diego County; California","2094","269","1212","202","882","234",
"1400000US06073017035","Census Tract 170.35; San Diego County; California","1260","124","382","79","878","127",
"1400000US06073017036","Census Tract 170.36; San Diego County; California","1099","110","802","124","297","98",
"1400000US06073017037","Census Tract 170.37; San Diego County; California","1826","158","1323","197","503","146",
"1400000US06073017039","Census Tract 170.39; San Diego County; California","2633","272","1805","212","828","270",
"1400000US06073017040","Census Tract 170.40; San Diego County; California","1492","164","1365","171","127","68",
"1400000US06073017041","Census Tract 170.41; San Diego County; California","1904","171","1358","192","546","165",
"1400000US06073017043","Census Tract 170.43; San Diego County; California","2139","205","1534","253","605","170",
"1400000US06073017044","Census Tract 170.44; San Diego County; California","1928","140","1656","152","272","119",
"1400000US06073017045","Census Tract 170.45; San Diego County; California","794","65","734","68","60","27",
"1400000US06073017046","Census Tract 170.46; San Diego County; California","1374","146","1130","169","244","98",
"1400000US06073017047","Census Tract 170.47; San Diego County; California","1480","187","1311","180","169","93",
"1400000US06073017048","Census Tract 170.48; San Diego County; California","2181","144","1021","155","1160","140",
"1400000US06073017049","Census Tract 170.49; San Diego County; California","932","117","679","127","253","58",
"1400000US06073017050","Census Tract 170.50; San Diego County; California","991","104","601","89","390","104",
"1400000US06073017051","Census Tract 170.51; San Diego County; California","2178","240","1775","258","403","128",
"1400000US06073017052","Census Tract 170.52; San Diego County; California","2122","253","1002","212","1120","280",
"1400000US06073017053","Census Tract 170.53; San Diego County; California","1162","147","1087","154","75","54",
"1400000US06073017054","Census Tract 170.54; San Diego County; California","1957","216","1499","229","458","106",
"1400000US06073017055","Census Tract 170.55; San Diego County; California","1915","200","1240","217","675","129",
"1400000US06073017056","Census Tract 170.56; San Diego County; California","1765","166","582","103","1183","203",
"1400000US06073017057","Census Tract 170.57; San Diego County; California","1517","259","1217","244","300","140",
"1400000US06073017058","Census Tract 170.58; San Diego County; California","1828","364","965","186","863","333",
"1400000US06073017059","Census Tract 170.59; San Diego County; California","1558","162","1349","168","209","92",
"1400000US06073017060","Census Tract 170.60; San Diego County; California","1330","189","1228","202","102","52",
"1400000US06073017061","Census Tract 170.61; San Diego County; California","1467","189","1279","174","188","72",
"1400000US06073017062","Census Tract 170.62; San Diego County; California","1498","175","1382","130","116","124",
"1400000US06073017063","Census Tract 170.63; San Diego County; California","1627","170","863","132","764","185",
"1400000US06073017064","Census Tract 170.64; San Diego County; California","2243","483","2118","487","125","108",
"1400000US06073017065","Census Tract 170.65; San Diego County; California","3315","523","2318","548","997","286",
"1400000US06073017066","Census Tract 170.66; San Diego County; California","1823","137","1510","213","313","167",
"1400000US06073017067","Census Tract 170.67; San Diego County; California","872","59","711","84","161","68",
"1400000US06073017068","Census Tract 170.68; San Diego County; California","1788","261","928","234","860","188",
"1400000US06073017069","Census Tract 170.69; San Diego County; California","801","56","648","57","153","62",
"1400000US06073017070","Census Tract 170.70; San Diego County; California","1603","101","934","117","669","133",
"1400000US06073017071","Census Tract 170.71; San Diego County; California","1800","361","1054","327","746","227",
"1400000US06073017104","Census Tract 171.04; San Diego County; California","1405","145","1082","149","323","100",
"1400000US06073017106","Census Tract 171.06; San Diego County; California","1468","181","1395","179","73","55",
"1400000US06073017107","Census Tract 171.07; San Diego County; California","1060","146","1010","151","50","33",
"1400000US06073017108","Census Tract 171.08; San Diego County; California","1638","145","1364","185","274","87",
"1400000US06073017109","Census Tract 171.09; San Diego County; California","2094","163","1639","191","455","127",
"1400000US06073017111","Census Tract 171.11; San Diego County; California","1667","311","1528","314","139","110",
"1400000US06073017112","Census Tract 171.12; San Diego County; California","692","73","676","78","16","24",
"1400000US06073017113","Census Tract 171.13; San Diego County; California","1807","214","981","203","826","130",
"1400000US06073017201","Census Tract 172.01; San Diego County; California","1104","169","456","133","648","224",
"1400000US06073017202","Census Tract 172.02; San Diego County; California","751","147","531","123","220","86",
"1400000US06073017303","Census Tract 173.03; San Diego County; California","1370","247","916","238","454","150",
"1400000US06073017305","Census Tract 173.05; San Diego County; California","1358","203","1110","207","248","100",
"1400000US06073017306","Census Tract 173.06; San Diego County; California","1123","134","909","129","214","92",
"1400000US06073017307","Census Tract 173.07; San Diego County; California","1081","164","791","150","290","99",
"1400000US06073017308","Census Tract 173.08; San Diego County; California","1188","170","547","144","641","148",
"1400000US06073017403","Census Tract 174.03; San Diego County; California","1945","134","1616","171","329","138",
"1400000US06073017405","Census Tract 174.05; San Diego County; California","1320","331","789","150","531","327",
"1400000US06073017406","Census Tract 174.06; San Diego County; California","1107","140","803","119","304","108",
"1400000US06073017407","Census Tract 174.07; San Diego County; California","1247","161","867","145","380","145",
"1400000US06073017408","Census Tract 174.08; San Diego County; California","1144","131","536","124","608","140",
"1400000US06073017501","Census Tract 175.01; San Diego County; California","1301","226","632","117","669","205",
"1400000US06073017502","Census Tract 175.02; San Diego County; California","1352","182","687","142","665","201",
"1400000US06073017601","Census Tract 176.01; San Diego County; California","2147","186","1341","196","806","193",
"1400000US06073017603","Census Tract 176.03; San Diego County; California","1121","142","794","152","327","73",
"1400000US06073017605","Census Tract 176.05; San Diego County; California","1332","177","716","106","616","164",
"1400000US06073017606","Census Tract 176.06; San Diego County; California","1639","213","968","165","671","163",
"1400000US06073017701","Census Tract 177.01; San Diego County; California","2217","236","954","226","1263","255",
"1400000US06073017702","Census Tract 177.02; San Diego County; California","1416","159","686","153","730","156",
"1400000US06073017801","Census Tract 178.01; San Diego County; California","2856","303","1672","212","1184","252",
"1400000US06073017808","Census Tract 178.08; San Diego County; California","2171","258","1919","279","252","126",
"1400000US06073017809","Census Tract 178.09; San Diego County; California","879","82","673","80","206","73",
"1400000US06073017810","Census Tract 178.10; San Diego County; California","2012","254","1493","256","519","146",
"1400000US06073017811","Census Tract 178.11; San Diego County; California","2672","268","1486","217","1186","296",
"1400000US06073017813","Census Tract 178.13; San Diego County; California","1720","186","1183","139","537","199",
"1400000US06073017901","Census Tract 179.01; San Diego County; California","1911","248","229","112","1682","246",
"1400000US06073017902","Census Tract 179.02; San Diego County; California","1296","307","612","219","684","271",
"1400000US06073018000","Census Tract 180; San Diego County; California","1781","200","387","108","1394","163",
"1400000US06073018101","Census Tract 181.01; San Diego County; California","1357","223","909","243","448","105",
"1400000US06073018102","Census Tract 181.02; San Diego County; California","1252","311","396","126","856","295",
"1400000US06073018201","Census Tract 182.01; San Diego County; California","1283","170","374","139","909","147",
"1400000US06073018202","Census Tract 182.02; San Diego County; California","1173","164","395","124","778","157",
"1400000US06073018301","Census Tract 183.01; San Diego County; California","576","119","232","60","344","106",
"1400000US06073018302","Census Tract 183.02; San Diego County; California","657","100","187","73","470","106",
"1400000US06073018400","Census Tract 184; San Diego County; California","1646","195","306","98","1340","186",
"1400000US06073018504","Census Tract 185.04; San Diego County; California","2526","257","1375","163","1151","282",
"1400000US06073018509","Census Tract 185.09; San Diego County; California","1910","229","374","110","1536","253",
"1400000US06073018510","Census Tract 185.10; San Diego County; California","1071","93","632","128","439","94",
"1400000US06073018511","Census Tract 185.11; San Diego County; California","1890","246","755","140","1135","252",
"1400000US06073018512","Census Tract 185.12; San Diego County; California","2017","262","1321","275","696","183",
"1400000US06073018515","Census Tract 185.15; San Diego County; California","1893","203","1228","176","665","174",
"1400000US06073018516","Census Tract 185.16; San Diego County; California","1293","132","758","124","535","93",
"1400000US06073018517","Census Tract 185.17; San Diego County; California","1806","151","910","179","896","146",
"1400000US06073018518","Census Tract 185.18; San Diego County; California","903","144","598","149","305","70",
"1400000US06073018519","Census Tract 185.19; San Diego County; California","1373","158","788","167","585","131",
"1400000US06073018520","Census Tract 185.20; San Diego County; California","1579","122","839","172","740","155",
"1400000US06073018521","Census Tract 185.21; San Diego County; California","1583","150","1204","163","379","142",
"1400000US06073018522","Census Tract 185.22; San Diego County; California","1927","176","1377","145","550","179",
"1400000US06073018523","Census Tract 185.23; San Diego County; California","2072","233","973","217","1099","217",
"1400000US06073018524","Census Tract 185.24; San Diego County; California","1290","183","627","127","663","222",
"1400000US06073018525","Census Tract 185.25; San Diego County; California","1407","168","1240","185","167","81",
"1400000US06073018601","Census Tract 186.01; San Diego County; California","1430","143","977","170","453","120",
"1400000US06073018608","Census Tract 186.08; San Diego County; California","1016","100","887","121","129","67",
"1400000US06073018609","Census Tract 186.09; San Diego County; California","1800","168","1142","156","658","131",
"1400000US06073018612","Census Tract 186.12; San Diego County; California","1364","242","1047","232","317","142",
"1400000US06073018613","Census Tract 186.13; San Diego County; California","1205","134","627","127","578","118",
"1400000US06073018615","Census Tract 186.15; San Diego County; California","838","229","311","74","527","233",
"1400000US06073018616","Census Tract 186.16; San Diego County; California","1466","201","338","120","1128","234",
"1400000US06073018617","Census Tract 186.17; San Diego County; California","1002","82","917","91","85","54",
"1400000US06073018618","Census Tract 186.18; San Diego County; California","986","99","435","82","551","105",
"1400000US06073018619","Census Tract 186.19; San Diego County; California","1645","152","1369","143","276","141",
"1400000US06073018620","Census Tract 186.20; San Diego County; California","600","53","402","79","198","78",
"1400000US06073018621","Census Tract 186.21; San Diego County; California","568","82","240","80","328","63",
"1400000US06073018622","Census Tract 186.22; San Diego County; California","1877","312","809","131","1068","308",
"1400000US06073018700","Census Tract 187; San Diego County; California","7257","742","76","92","7181","721",
"1400000US06073018801","Census Tract 188.01; San Diego County; California","1227","140","985","158","242","132",
"1400000US06073018803","Census Tract 188.03; San Diego County; California","1879","180","1282","174","597","158",
"1400000US06073018804","Census Tract 188.04; San Diego County; California","2114","249","1971","278","143","130",
"1400000US06073018805","Census Tract 188.05; San Diego County; California","1473","221","1323","231","150","77",
"1400000US06073018903","Census Tract 189.03; San Diego County; California","1654","168","1019","176","635","132",
"1400000US06073018904","Census Tract 189.04; San Diego County; California","1877","137","815","160","1062","142",
"1400000US06073018905","Census Tract 189.05; San Diego County; California","1803","155","692","172","1111","235",
"1400000US06073018906","Census Tract 189.06; San Diego County; California","1890","145","975","158","915","184",
"1400000US06073019001","Census Tract 190.01; San Diego County; California","2231","251","1971","288","260","126",
"1400000US06073019002","Census Tract 190.02; San Diego County; California","1582","213","1358","218","224","87",
"1400000US06073019103","Census Tract 191.03; San Diego County; California","2069","311","1841","296","228","157",
"1400000US06073019105","Census Tract 191.05; San Diego County; California","3095","431","2900","433","195","132",
"1400000US06073019107","Census Tract 191.07; San Diego County; California","799","72","667","74","132","55",
"1400000US06073019108","Census Tract 191.08; San Diego County; California","791","93","663","100","128","51",
"1400000US06073019109","Census Tract 191.09; San Diego County; California","1523","437","1400","450","123","61",
"1400000US06073019110","Census Tract 191.10; San Diego County; California","1522","150","1302","148","220","77",
"1400000US06073019111","Census Tract 191.11; San Diego County; California","1096","108","950","107","146","61",
"1400000US06073019203","Census Tract 192.03; San Diego County; California","870","91","704","70","166","89",
"1400000US06073019205","Census Tract 192.05; San Diego County; California","2038","237","1029","195","1009","229",
"1400000US06073019206","Census Tract 192.06; San Diego County; California","1508","116","588","134","920","123",
"1400000US06073019208","Census Tract 192.08; San Diego County; California","1162","160","1026","161","136","69",
"1400000US06073019209","Census Tract 192.09; San Diego County; California","1049","141","886","161","163","123",
"1400000US06073019210","Census Tract 192.10; San Diego County; California","1812","226","875","257","937","161",
"1400000US06073019301","Census Tract 193.01; San Diego County; California","2267","396","1833","409","434","163",
"1400000US06073019303","Census Tract 193.03; San Diego County; California","2649","328","2053","316","596","156",
"1400000US06073019304","Census Tract 193.04; San Diego County; California","1139","105","948","122","191","99",
"1400000US06073019305","Census Tract 193.05; San Diego County; California","1789","237","732","168","1057","199",
"1400000US06073019403","Census Tract 194.03; San Diego County; California","2032","135","1378","156","654","124",
"1400000US06073019404","Census Tract 194.04; San Diego County; California","790","78","535","99","255","99",
"1400000US06073019405","Census Tract 194.05; San Diego County; California","1400","176","604","178","796","129",
"1400000US06073019406","Census Tract 194.06; San Diego County; California","1706","270","1074","188","632","207",
"1400000US06073019501","Census Tract 195.01; San Diego County; California","784","84","154","57","630","89",
"1400000US06073019502","Census Tract 195.02; San Diego County; California","1534","186","370","134","1164","207",
"1400000US06073019503","Census Tract 195.03; San Diego County; California","1671","169","698","126","973","167",
"1400000US06073019601","Census Tract 196.01; San Diego County; California","2164","185","1395","254","769","171",
"1400000US06073019602","Census Tract 196.02; San Diego County; California","1691","161","1115","125","576","180",
"1400000US06073019701","Census Tract 197.01; San Diego County; California","2807","330","1326","258","1481","337",
"1400000US06073019702","Census Tract 197.02; San Diego County; California","1613","124","1296","163","317","108",
"1400000US06073019803","Census Tract 198.03; San Diego County; California","2299","349","876","196","1423","390",
"1400000US06073019804","Census Tract 198.04; San Diego County; California","1582","142","1326","134","256","80",
"1400000US06073019805","Census Tract 198.05; San Diego County; California","1395","179","690","146","705","209",
"1400000US06073019808","Census Tract 198.08; San Diego County; California","2383","359","1750","315","633","204",
"1400000US06073019809","Census Tract 198.09; San Diego County; California","1647","205","1549","209","98","61",
"1400000US06073019810","Census Tract 198.10; San Diego County; California","2307","411","1832","391","475","252",
"1400000US06073019811","Census Tract 198.11; San Diego County; California","2443","201","1657","214","786","210",
"1400000US06073019902","Census Tract 199.02; San Diego County; California","1280","144","755","126","525","132",
"1400000US06073019903","Census Tract 199.03; San Diego County; California","1494","189","1000","153","494","159",
"1400000US06073019904","Census Tract 199.04; San Diego County; California","2442","154","1162","155","1280","181",
"1400000US06073019905","Census Tract 199.05; San Diego County; California","2092","295","1026","166","1066","284",
"1400000US06073020015","Census Tract 200.15; San Diego County; California","2137","321","1594","217","543","250",
"1400000US06073020017","Census Tract 200.17; San Diego County; California","1070","66","344","118","726","128",
"1400000US06073020019","Census Tract 200.19; San Diego County; California","2942","282","2347","335","595","192",
"1400000US06073020021","Census Tract 200.21; San Diego County; California","1641","112","822","125","819","122",
"1400000US06073020023","Census Tract 200.23; San Diego County; California","1265","104","1070","104","195","89",
"1400000US06073020024","Census Tract 200.24; San Diego County; California","1584","259","1183","168","401","228",
"1400000US06073020025","Census Tract 200.25; San Diego County; California","1851","178","1123","203","728","139",
"1400000US06073020026","Census Tract 200.26; San Diego County; California","1726","207","1302","135","424","206",
"1400000US06073020028","Census Tract 200.28; San Diego County; California","966","100","79","47","887","118",
"1400000US06073020029","Census Tract 200.29; San Diego County; California","2562","267","373","155","2189","273",
"1400000US06073020030","Census Tract 200.30; San Diego County; California","2591","342","1942","314","649","316",
"1400000US06073020031","Census Tract 200.31; San Diego County; California","2249","377","1415","217","834","365",
"1400000US06073020032","Census Tract 200.32; San Diego County; California","1439","173","1302","179","137","64",
"1400000US06073020033","Census Tract 200.33; San Diego County; California","1581","226","935","170","646","194",
"1400000US06073020034","Census Tract 200.34; San Diego County; California","846","85","790","93","56","30",
"1400000US06073020035","Census Tract 200.35; San Diego County; California","2226","221","1791","192","435","201",
"1400000US06073020036","Census Tract 200.36; San Diego County; California","1041","219","452","163","589","189",
"1400000US06073020037","Census Tract 200.37; San Diego County; California","1365","223","821","170","544","175",
"1400000US06073020038","Census Tract 200.38; San Diego County; California","1571","204","1218","109","353","213",
"1400000US06073020039","Census Tract 200.39; San Diego County; California","550","58","389","87","161","83",
"1400000US06073020040","Census Tract 200.40; San Diego County; California","1499","201","1135","189","364","130",
"1400000US06073020041","Census Tract 200.41; San Diego County; California","991","86","424","92","567","121",
"1400000US06073020042","Census Tract 200.42; San Diego County; California","1774","376","1272","380","502","156",
"1400000US06073020043","Census Tract 200.43; San Diego County; California","1747","194","1598","207","149","68",
"1400000US06073020044","Census Tract 200.44; San Diego County; California","3022","419","2780","429","242","128",
"1400000US06073020105","Census Tract 201.05; San Diego County; California","1478","151","946","186","532","122",
"1400000US06073020106","Census Tract 201.06; San Diego County; California","1103","116","887","137","216","91",
"1400000US06073020107","Census Tract 201.07; San Diego County; California","1242","188","900","180","342","112",
"1400000US06073020108","Census Tract 201.08; San Diego County; California","1523","96","384","101","1139","130",
"1400000US06073020109","Census Tract 201.09; San Diego County; California","1301","131","1103","151","198","102",
"1400000US06073020110","Census Tract 201.10; San Diego County; California","2684","365","2152","210","532","379",
"1400000US06073020111","Census Tract 201.11; San Diego County; California","1326","235","1194","243","132","64",
"1400000US06073020202","Census Tract 202.02; San Diego County; California","2157","431","538","263","1619","320",
"1400000US06073020206","Census Tract 202.06; San Diego County; California","1289","189","540","93","749","186",
"1400000US06073020207","Census Tract 202.07; San Diego County; California","1496","443","392","98","1104","475",
"1400000US06073020208","Census Tract 202.08; San Diego County; California","766","144","631","137","135","88",
"1400000US06073020209","Census Tract 202.09; San Diego County; California","1693","143","682","151","1011","175",
"1400000US06073020210","Census Tract 202.10; San Diego County; California","1695","248","1027","248","668","127",
"1400000US06073020211","Census Tract 202.11; San Diego County; California","2045","181","809","196","1236","208",
"1400000US06073020213","Census Tract 202.13; San Diego County; California","1233","217","158","64","1075","224",
"1400000US06073020214","Census Tract 202.14; San Diego County; California","1860","348","144","86","1716","385",
"1400000US06073020304","Census Tract 203.04; San Diego County; California","2313","199","1958","212","355","167",
"1400000US06073020305","Census Tract 203.05; San Diego County; California","2349","285","1509","316","840","210",
"1400000US06073020308","Census Tract 203.08; San Diego County; California","2985","390","827","303","2158","366",
"1400000US06073020309","Census Tract 203.09; San Diego County; California","1506","245","693","177","813","234",
"1400000US06073020310","Census Tract 203.10; San Diego County; California","2638","302","1291","204","1347","305",
"1400000US06073020311","Census Tract 203.11; San Diego County; California","1579","183","1435","156","144","126",
"1400000US06073020312","Census Tract 203.12; San Diego County; California","1555","271","1119","133","436","289",
"1400000US06073020313","Census Tract 203.13; San Diego County; California","1190","147","579","118","611","162",
"1400000US06073020401","Census Tract 204.01; San Diego County; California","903","76","791","89","112","52",
"1400000US06073020403","Census Tract 204.03; San Diego County; California","1284","156","1106","125","178","125",
"1400000US06073020404","Census Tract 204.04; San Diego County; California","2067","286","1075","167","992","292",
"1400000US06073020405","Census Tract 204.05; San Diego County; California","1255","119","1209","119","46","35",
"1400000US06073020500","Census Tract 205; San Diego County; California","1325","150","632","161","693","172",
"1400000US06073020601","Census Tract 206.01; San Diego County; California","1890","339","502","134","1388","331",
"1400000US06073020602","Census Tract 206.02; San Diego County; California","1958","170","771","172","1187","185",
"1400000US06073020705","Census Tract 207.05; San Diego County; California","1337","95","1165","125","172","83",
"1400000US06073020706","Census Tract 207.06; San Diego County; California","2098","267","1831","229","267","214",
"1400000US06073020707","Census Tract 207.07; San Diego County; California","1575","162","574","114","1001","180",
"1400000US06073020708","Census Tract 207.08; San Diego County; California","1316","113","983","134","333","105",
"1400000US06073020710","Census Tract 207.10; San Diego County; California","608","45","522","61","86","40",
"1400000US06073020711","Census Tract 207.11; San Diego County; California","1225","364","1149","358","76","59",
"1400000US06073020712","Census Tract 207.12; San Diego County; California","1483","296","1362","304","121","85",
"1400000US06073020801","Census Tract 208.01; San Diego County; California","1799","169","1398","175","401","172",
"1400000US06073020805","Census Tract 208.05; San Diego County; California","1154","143","864","149","290","102",
"1400000US06073020806","Census Tract 208.06; San Diego County; California","2009","204","1127","168","882","208",
"1400000US06073020807","Census Tract 208.07; San Diego County; California","1042","272","995","272","47","30",
"1400000US06073020810","Census Tract 208.10; San Diego County; California","1679","189","1624","190","55","40",
"1400000US06073020811","Census Tract 208.11; San Diego County; California","2028","276","1749","174","279","262",
"1400000US06073020812","Census Tract 208.12; San Diego County; California","816","323","452","293","364","169",
"1400000US06073020813","Census Tract 208.13; San Diego County; California","1482","219","1138","135","344","220",
"1400000US06073020902","Census Tract 209.02; San Diego County; California","954","151","852","138","102","78",
"1400000US06073020903","Census Tract 209.03; San Diego County; California","1171","110","950","106","221","80",
"1400000US06073020904","Census Tract 209.04; San Diego County; California","1260","283","1064","317","196","113",
"1400000US06073021001","Census Tract 210.01; San Diego County; California","1077","218","732","164","345","200",
"1400000US06073021002","Census Tract 210.02; San Diego County; California","781","240","541","242","240","119",
"1400000US06073021101","Census Tract 211.01; San Diego County; California","1688","387","1317","421","371","156",
"1400000US06073021102","Census Tract 211.02; San Diego County; California","999","144","663","180","336","157",
"1400000US06073021202","Census Tract 212.02; San Diego County; California","1135","187","849","188","286","117",
"1400000US06073021204","Census Tract 212.04; San Diego County; California","1924","174","1815","191","109","84",
"1400000US06073021205","Census Tract 212.05; San Diego County; California","2610","247","1314","279","1296","252",
"1400000US06073021206","Census Tract 212.06; San Diego County; California","1147","196","1100","208","47","43",
"1400000US06073021302","Census Tract 213.02; San Diego County; California","1423","228","1089","228","334","130",
"1400000US06073021304","Census Tract 213.04; San Diego County; California","952","197","926","198","26","21",
"1400000US06073021305","Census Tract 213.05; San Diego County; California","1300","127","1181","129","119","58",
"1400000US06073021306","Census Tract 213.06; San Diego County; California","1499","159","1414","154","85","55",
"1400000US06073021401","Census Tract 214.01; San Diego County; California","1542","137","667","106","875","166",
"1400000US06073021402","Census Tract 214.02; San Diego County; California","1242","193","396","130","846","189",
"1400000US06073021501","Census Tract 215.01; San Diego County; California","1225","311","989","304","236","128",
"1400000US06073021502","Census Tract 215.02; San Diego County; California","3231","268","1623","226","1608","325",
"1400000US06073021600","Census Tract 216; San Diego County; California","945","166","336","101","609","150",
"1400000US06073021800","Census Tract 218; San Diego County; California","790","121","647","136","143","65",
"1400000US06073021900","Census Tract 219; San Diego County; California","741","107","154","67","587","111",
"1400000US06073022000","Census Tract 220; San Diego County; California","1662","391","215","131","1447","335",
"1400000US06073022101","Census Tract 221.01; San Diego County; California","900","72","499","74","401","90",
"1400000US06073022102","Census Tract 221.02; San Diego County; California","2767","255","1413","234","1354","249",
"1400000US06073990100","Census Tract 9901; San Diego County; California","0","14","0","14","0","14",
