"GEO_ID","NAME","B25002_001E","B25002_001M","B25002_002E","B25002_002M","B25002_003E","B25002_003M",
"Geography","Geographic Area Name","Estimate!!Total:","Margin of Error!!Total:","Estimate!!Total:!!Occupied","Margin of Error!!Total:!!Occupied","Estimate!!Total:!!Vacant","Margin of Error!!Total:!!Vacant",
"1400000US06073000100","Census Tract 1; San Diego County; California","1293","109","1178","143","115","82",
"1400000US06073000201","Census Tract 2.01; San Diego County; California","1261","121","1180","129","81","60",
"1400000US06073000202","Census Tract 2.02; San Diego County; California","2476","226","2240","286","236","183",
"1400000US06073000301","Census Tract 3.01; San Diego County; California","1475","158","1302","187","173","107",
"1400000US06073000302","Census Tract 3.02; San Diego County; California","2197","282","1818","195","379","267",
"1400000US06073000400","Census Tract 4; San Diego County; California","2646","246","2588","245","58","72",
"1400000US06073000500","Census Tract 5; San Diego County; California","1779","131","1604","172","175","106",
"1400000US06073000600","Census Tract 6; San Diego County; California","2150","185","2047","173","103","100",
"1400000US06073000700","Census Tract 7; San Diego County; California","2702","343","2626","340","76","58",
"1400000US06073000800","Census Tract 8; San Diego County; California","3062","242","2966","261","96","108",
"1400000US06073000901","Census Tract 9.01; San Diego County; California","2169","209","2062","220","107","70",
"1400000US06073000902","Census Tract 9.02; San Diego County; California","1750","130","1541","172","209","180",
"1400000US06073001000","Census Tract 10; San Diego County; California","2884","251","2728","254","156","156",
"1400000US06073001100","Census Tract 11; San Diego County; California","1901","240","1745","231","156","95",
"1400000US06073001201","Census Tract 12.01; San Diego County; California","1493","293","1346","318","147","114",
"1400000US06073001202","Census Tract 12.02; San Diego County; California","1910","221","1775","255","135","113",
"1400000US06073001301","Census Tract 13.01; San Diego County; California","1769","198","1593","211","176","103",
"1400000US06073001302","Census Tract 13.02; San Diego County; California","2203","235","2161","224","42","68",
"1400000US06073001400","Census Tract 14; San Diego County; California","2025","214","1874","236","151","111",
"1400000US06073001500","Census Tract 15; San Diego County; California","2159","165","2032","181","127","99",
"1400000US06073001600","Census Tract 16; San Diego County; California","2597","213","2349","257","248","167",
"1400000US06073001700","Census Tract 17; San Diego County; California","2586","349","2508","374","78","106",
"1400000US06073001801","Census Tract 18.01; San Diego County; California","1037","109","992","112","45","47",
"1400000US06073001802","Census Tract 18.02; San Diego County; California","1977","247","1917","266","60","74",
"1400000US06073001900","Census Tract 19; San Diego County; California","1632","177","1556","170","76","64",
"1400000US06073002001","Census Tract 20.01; San Diego County; California","1579","94","1549","95","30","31",
"1400000US06073002002","Census Tract 20.02; San Diego County; California","1288","169","1157","147","131","110",
"1400000US06073002100","Census Tract 21; San Diego County; California","2857","338","2592","400","265","176",
"1400000US06073002201","Census Tract 22.01; San Diego County; California","1529","463","1433","461","96","71",
"1400000US06073002202","Census Tract 22.02; San Diego County; California","1716","145","1603","159","113","91",
"1400000US06073002301","Census Tract 23.01; San Diego County; California","1561","237","1511","239","50","47",
"1400000US06073002302","Census Tract 23.02; San Diego County; California","2182","375","2039","384","143","109",
"1400000US06073002401","Census Tract 24.01; San Diego County; California","1748","154","1689","163","59","45",
"1400000US06073002402","Census Tract 24.02; San Diego County; California","1794","368","1733","377","61","58",
"1400000US06073002501","Census Tract 25.01; San Diego County; California","1539","104","1442","132","97","84",
"1400000US06073002502","Census Tract 25.02; San Diego County; California","2416","255","2393","260","23","27",
"1400000US06073002601","Census Tract 26.01; San Diego County; California","1784","223","1609","177","175","150",
"1400000US06073002602","Census Tract 26.02; San Diego County; California","1490","308","1407","306","83","80",
"1400000US06073002702","Census Tract 27.02; San Diego County; California","2067","141","2021","175","46","75",
"1400000US06073002703","Census Tract 27.03; San Diego County; California","2375","284","2338","294","37","58",
"1400000US06073002705","Census Tract 27.05; San Diego County; California","1546","308","1521","311","25","39",
"1400000US06073002707","Census Tract 27.07; San Diego County; California","1677","266","1614","265","63","51",
"1400000US06073002708","Census Tract 27.08; San Diego County; California","2127","182","1974","197","153","91",
"1400000US06073002709","Census Tract 27.09; San Diego County; California","1219","171","1194","179","25","38",
"1400000US06073002710","Census Tract 27.10; San Diego County; California","1163","117","1112","127","51","72",
"1400000US06073002711","Census Tract 27.11; San Diego County; California","1058","111","1041","113","17","25",
"1400000US06073002712","Census Tract 27.12; San Diego County; California","1804","154","1767","161","37","49",
"1400000US06073002801","Census Tract 28.01; San Diego County; California","824","144","516","99","308","128",
"1400000US06073002803","Census Tract 28.03; San Diego County; California","2622","235","2573","222","49","82",
"1400000US06073002804","Census Tract 28.04; San Diego County; California","1697","200","1608","188","89","107",
"1400000US06073002902","Census Tract 29.02; San Diego County; California","2781","247","2660","263","121","99",
"1400000US06073002903","Census Tract 29.03; San Diego County; California","1623","375","1596","380","27","44",
"1400000US06073002904","Census Tract 29.04; San Diego County; California","2951","282","2550","318","401","236",
"1400000US06073002905","Census Tract 29.05; San Diego County; California","1892","201","1858","205","34","54",
"1400000US06073003001","Census Tract 30.01; San Diego County; California","1261","138","1187","147","74","46",
"1400000US06073003003","Census Tract 30.03; San Diego County; California","1554","128","1554","128","0","14",
"1400000US06073003004","Census Tract 30.04; San Diego County; California","1535","171","1484","173","51","49",
"1400000US06073003101","Census Tract 31.01; San Diego County; California","1122","127","1039","113","83","66",
"1400000US06073003103","Census Tract 31.03; San Diego County; California","1731","171","1731","171","0","19",
"1400000US06073003105","Census Tract 31.05; San Diego County; California","1304","226","1300","226","4","8",
"1400000US06073003107","Census Tract 31.07; San Diego County; California","1560","147","1527","155","33","51",
"1400000US06073003108","Census Tract 31.08; San Diego County; California","1030","122","1001","122","29","33",
"1400000US06073003109","Census Tract 31.09; San Diego County; California","908","138","886","141","22","26",
"1400000US06073003111","Census Tract 31.11; San Diego County; California","1904","174","1844","180","60","64",
"1400000US06073003112","Census Tract 31.12; San Diego County; California","1188","119","1188","119","0","14",
"1400000US06073003113","Census Tract 31.13; San Diego County; California","1240","105","1197","110","43","53",
"1400000US06073003114","Census Tract 31.14; San Diego County; California","872","137","872","137","0","14",
"1400000US06073003115","Census Tract 31.15; San Diego County; California","1780","129","1738","132","42","42",
"1400000US06073003201","Census Tract 32.01; San Diego County; California","1698","285","1531","302","167","96",
"1400000US06073003202","Census Tract 32.02; San Diego County; California","1327","114","1297","111","30","46",
"1400000US06073003204","Census Tract 32.04; San Diego County; California","1099","118","1099","118","0","14",
"1400000US06073003207","Census Tract 32.07; San Diego County; California","2330","332","2280","321","50","61",
"1400000US06073003208","Census Tract 32.08; San Diego County; California","2189","184","1929","201","260","178",
"1400000US06073003209","Census Tract 32.09; San Diego County; California","1856","198","1774","211","82","53",
"1400000US06073003211","Census Tract 32.11; San Diego County; California","937","103","895","109","42","34",
"1400000US06073003212","Census Tract 32.12; San Diego County; California","1071","82","1045","88","26","42",
"1400000US06073003213","Census Tract 32.13; San Diego County; California","1028","76","1028","76","0","14",
"1400000US06073003214","Census Tract 32.14; San Diego County; California","1645","224","1586","236","59","63",
"1400000US06073003301","Census Tract 33.01; San Diego County; California","1034","111","1013","116","21","25",
"1400000US06073003303","Census Tract 33.03; San Diego County; California","1430","215","1412","214","18","29",
"1400000US06073003304","Census Tract 33.04; San Diego County; California","1185","140","1132","150","53","51",
"1400000US06073003305","Census Tract 33.05; San Diego County; California","1707","191","1659","196","48","64",
"1400000US06073003401","Census Tract 34.01; San Diego County; California","2158","229","2023","266","135","117",
"1400000US06073003403","Census Tract 34.03; San Diego County; California","1094","87","999","132","95","91",
"1400000US06073003404","Census Tract 34.04; San Diego County; California","1241","154","1131","162","110","79",
"1400000US06073003501","Census Tract 35.01; San Diego County; California","1144","136","1004","160","140","78",
"1400000US06073003502","Census Tract 35.02; San Diego County; California","1273","140","1188","152","85","57",
"1400000US06073003601","Census Tract 36.01; San Diego County; California","793","133","749","132","44","36",
"1400000US06073003602","Census Tract 36.02; San Diego County; California","884","130","840","130","44","29",
"1400000US06073003603","Census Tract 36.03; San Diego County; California","1034","96","984","104","50","48",
"1400000US06073003800","Census Tract 38; San Diego County; California","27","33","15","26","12","19",
"1400000US06073003901","Census Tract 39.01; San Diego County; California","1085","130","1070","138","15","24",
"1400000US06073003902","Census Tract 39.02; San Diego County; California","1476","257","1366","261","110","80",
"1400000US06073004000","Census Tract 40; San Diego County; California","1235","159","1183","169","52","47",
"1400000US06073004101","Census Tract 41.01; San Diego County; California","2339","394","2238","426","101","85",
"1400000US06073004102","Census Tract 41.02; San Diego County; California","897","211","839","215","58","43",
"1400000US06073004200","Census Tract 42; San Diego County; California","2496","205","2346","227","150","135",
"1400000US06073004300","Census Tract 43; San Diego County; California","2031","197","1948","217","83","54",
"1400000US06073004400","Census Tract 44; San Diego County; California","1884","177","1783","196","101","82",
"1400000US06073004501","Census Tract 45.01; San Diego County; California","1610","165","1541","172","69","64",
"1400000US06073004600","Census Tract 46; San Diego County; California","1186","141","1093","151","93","68",
"1400000US06073004700","Census Tract 47; San Diego County; California","801","158","716","165","85","50",
"1400000US06073004800","Census Tract 48; San Diego County; California","1406","276","1253","289","153","94",
"1400000US06073004900","Census Tract 49; San Diego County; California","1680","221","1599","225","81","50",
"1400000US06073005000","Census Tract 50; San Diego County; California","850","164","719","152","131","86",
"1400000US06073005101","Census Tract 51.01; San Diego County; California","1941","199","1789","215","152","95",
"1400000US06073005102","Census Tract 51.02; San Diego County; California","3793","287","3519","299","274","184",
"1400000US06073005103","Census Tract 51.03; San Diego County; California","877","201","736","216","141","106",
"1400000US06073005201","Census Tract 52.01; San Diego County; California","2335","225","2076","254","259","133",
"1400000US06073005202","Census Tract 52.02; San Diego County; California","3964","391","3521","371","443","220",
"1400000US06073005301","Census Tract 53.01; San Diego County; California","2448","245","2218","242","230","160",
"1400000US06073005302","Census Tract 53.02; San Diego County; California","1752","248","1412","246","340","192",
"1400000US06073005401","Census Tract 54.01; San Diego County; California","1738","368","1227","280","511","283",
"1400000US06073005402","Census Tract 54.02; San Diego County; California","3285","463","2686","494","599","245",
"1400000US06073005403","Census Tract 54.03; San Diego County; California","2068","204","1547","210","521","221",
"1400000US06073005500","Census Tract 55; San Diego County; California","14","19","14","19","0","14",
"1400000US06073005601","Census Tract 56.01; San Diego County; California","2261","212","1944","233","317","199",
"1400000US06073005602","Census Tract 56.02; San Diego County; California","1506","171","1301","161","205","121",
"1400000US06073005700","Census Tract 57; San Diego County; California","1032","121","1017","124","15","23",
"1400000US06073005801","Census Tract 58.01; San Diego County; California","1500","101","1306","124","194","125",
"1400000US06073005802","Census Tract 58.02; San Diego County; California","2029","204","1905","221","124","85",
"1400000US06073005900","Census Tract 59; San Diego County; California","2188","236","2103","246","85","84",
"1400000US06073006000","Census Tract 60; San Diego County; California","2866","239","2677","263","189","149",
"1400000US06073006100","Census Tract 61; San Diego County; California","1226","119","1032","146","194","110",
"1400000US06073006200","Census Tract 62; San Diego County; California","0","14","0","14","0","14",
"1400000US06073006300","Census Tract 63; San Diego County; California","0","14","0","14","0","14",
"1400000US06073006500","Census Tract 65; San Diego County; California","1735","186","1652","198","83","64",
"1400000US06073006600","Census Tract 66; San Diego County; California","650","103","477","74","173","85",
"1400000US06073006801","Census Tract 68.01; San Diego County; California","1635","233","1571","231","64","55",
"1400000US06073006802","Census Tract 68.02; San Diego County; California","2837","200","2597","277","240","170",
"1400000US06073006900","Census Tract 69; San Diego County; California","2217","234","2203","234","14","22",
"1400000US06073007002","Census Tract 70.02; San Diego County; California","1298","124","1256","132","42","44",
"1400000US06073007100","Census Tract 71; San Diego County; California","2306","281","2105","308","201","138",
"1400000US06073007200","Census Tract 72; San Diego County; California","1612","134","1589","137","23","29",
"1400000US06073007302","Census Tract 73.02; San Diego County; California","1031","168","984","172","47","53",
"1400000US06073007303","Census Tract 73.03; San Diego County; California","1002","112","921","121","81","57",
"1400000US06073007304","Census Tract 73.04; San Diego County; California","2170","297","2063","307","107","79",
"1400000US06073007401","Census Tract 74.01; San Diego County; California","1629","276","1440","298","189","107",
"1400000US06073007402","Census Tract 74.02; San Diego County; California","1703","245","1703","245","0","14",
"1400000US06073007501","Census Tract 75.01; San Diego County; California","2272","234","2072","278","200","150",
"1400000US06073007502","Census Tract 75.02; San Diego County; California","1968","163","1683","193","285","122",
"1400000US06073007601","Census Tract 76.01; San Diego County; California","1868","267","974","221","894","234",
"1400000US06073007602","Census Tract 76.02; San Diego County; California","1696","183","1052","232","644","137",
"1400000US06073007701","Census Tract 77.01; San Diego County; California","2453","279","2009","260","444","195",
"1400000US06073007702","Census Tract 77.02; San Diego County; California","2269","207","1829","262","440","229",
"1400000US06073007800","Census Tract 78; San Diego County; California","3070","431","2742","468","328","203",
"1400000US06073007905","Census Tract 79.05; San Diego County; California","1743","171","1426","194","317","127",
"1400000US06073007907","Census Tract 79.07; San Diego County; California","1778","132","1667","157","111","100",
"1400000US06073007908","Census Tract 79.08; San Diego County; California","1744","209","1655","211","89","66",
"1400000US06073007910","Census Tract 79.10; San Diego County; California","1822","159","1624","171","198","95",
"1400000US06073007911","Census Tract 79.11; San Diego County; California","1510","127","1382","144","128","103",
"1400000US06073007912","Census Tract 79.12; San Diego County; California","976","94","923","96","53","48",
"1400000US06073008002","Census Tract 80.02; San Diego County; California","1127","103","1029","107","98","74",
"1400000US06073008003","Census Tract 80.03; San Diego County; California","2107","407","1885","432","222","111",
"1400000US06073008006","Census Tract 80.06; San Diego County; California","2221","169","1873","224","348","162",
"1400000US06073008101","Census Tract 81.01; San Diego County; California","2181","261","1761","303","420","142",
"1400000US06073008102","Census Tract 81.02; San Diego County; California","1611","184","1389","199","222","147",
"1400000US06073008201","Census Tract 82.01; San Diego County; California","1257","182","950","159","307","163",
"1400000US06073008202","Census Tract 82.02; San Diego County; California","1068","149","659","151","409","131",
"1400000US06073008301","Census Tract 83.01; San Diego County; California","1347","180","1347","180","0","14",
"1400000US06073008303","Census Tract 83.03; San Diego County; California","1671","136","1341","157","330","100",
"1400000US06073008305","Census Tract 83.05; San Diego County; California","486","75","471","68","15","24",
"1400000US06073008306","Census Tract 83.06; San Diego County; California","1115","75","1092","79","23","35",
"1400000US06073008307","Census Tract 83.07; San Diego County; California","1781","301","1664","251","117","145",
"1400000US06073008310","Census Tract 83.10; San Diego County; California","2564","252","2457","216","107","130",
"1400000US06073008311","Census Tract 83.11; San Diego County; California","1196","130","1088","139","108","63",
"1400000US06073008312","Census Tract 83.12; San Diego County; California","1922","152","1677","182","245","115",
"1400000US06073008313","Census Tract 83.13; San Diego County; California","903","71","809","87","94","48",
"1400000US06073008324","Census Tract 83.24; San Diego County; California","3155","364","2938","390","217","136",
"1400000US06073008327","Census Tract 83.27; San Diego County; California","2517","248","2415","267","102","94",
"1400000US06073008328","Census Tract 83.28; San Diego County; California","2986","301","2580","341","406","217",
"1400000US06073008330","Census Tract 83.30; San Diego County; California","2057","202","1922","145","135","147",
"1400000US06073008331","Census Tract 83.31; San Diego County; California","979","148","945","144","34","43",
"1400000US06073008336","Census Tract 83.36; San Diego County; California","757","61","757","61","0","14",
"1400000US06073008337","Census Tract 83.37; San Diego County; California","1521","179","1521","179","0","14",
"1400000US06073008339","Census Tract 83.39; San Diego County; California","859","77","771","96","88","57",
"1400000US06073008343","Census Tract 83.43; San Diego County; California","1896","142","1795","132","101","70",
"1400000US06073008344","Census Tract 83.44; San Diego County; California","1271","117","1189","142","82","70",
"1400000US06073008345","Census Tract 83.45; San Diego County; California","1992","232","1884","234","108","78",
"1400000US06073008346","Census Tract 83.46; San Diego County; California","1700","119","1604","135","96","65",
"1400000US06073008347","Census Tract 83.47; San Diego County; California","2105","165","2003","204","102","116",
"1400000US06073008348","Census Tract 83.48; San Diego County; California","1803","151","1712","164","91","70",
"1400000US06073008349","Census Tract 83.49; San Diego County; California","1120","106","1102","112","18","27",
"1400000US06073008350","Census Tract 83.50; San Diego County; California","2283","177","2220","197","63","78",
"1400000US06073008351","Census Tract 83.51; San Diego County; California","1415","190","1415","190","0","19",
"1400000US06073008352","Census Tract 83.52; San Diego County; California","1114","84","977","131","137","104",
"1400000US06073008353","Census Tract 83.53; San Diego County; California","1643","205","1529","203","114","84",
"1400000US06073008355","Census Tract 83.55; San Diego County; California","987","66","972","65","15","24",
"1400000US06073008356","Census Tract 83.56; San Diego County; California","1413","143","1368","156","45","57",
"1400000US06073008357","Census Tract 83.57; San Diego County; California","1551","114","1551","114","0","14",
"1400000US06073008358","Census Tract 83.58; San Diego County; California","2115","267","1949","296","166","125",
"1400000US06073008359","Census Tract 83.59; San Diego County; California","1933","185","1822","191","111","73",
"1400000US06073008360","Census Tract 83.60; San Diego County; California","2418","385","2418","385","0","19",
"1400000US06073008361","Census Tract 83.61; San Diego County; California","1631","173","1563","173","68","64",
"1400000US06073008362","Census Tract 83.62; San Diego County; California","1721","212","1582","229","139","95",
"1400000US06073008363","Census Tract 83.63; San Diego County; California","2048","190","1962","211","86","81",
"1400000US06073008364","Census Tract 83.64; San Diego County; California","2635","175","2300","244","335","169",
"1400000US06073008365","Census Tract 83.65; San Diego County; California","955","147","928","142","27","37",
"1400000US06073008366","Census Tract 83.66; San Diego County; California","2583","343","2413","330","170","140",
"1400000US06073008367","Census Tract 83.67; San Diego County; California","1286","148","1236","151","50","55",
"1400000US06073008368","Census Tract 83.68; San Diego County; California","1979","164","1851","155","128","108",
"1400000US06073008369","Census Tract 83.69; San Diego County; California","2261","496","2120","519","141","116",
"1400000US06073008370","Census Tract 83.70; San Diego County; California","1880","158","1607","201","273","143",
"1400000US06073008371","Census Tract 83.71; San Diego County; California","1766","195","1680","201","86","144",
"1400000US06073008372","Census Tract 83.72; San Diego County; California","1419","193","1350","217","69","91",
"1400000US06073008373","Census Tract 83.73; San Diego County; California","1296","134","1283","137","13","20",
"1400000US06073008374","Census Tract 83.74; San Diego County; California","1225","123","1225","123","0","14",
"1400000US06073008375","Census Tract 83.75; San Diego County; California","2191","249","2191","249","0","14",
"1400000US06073008376","Census Tract 83.76; San Diego County; California","3110","345","2845","230","265","253",
"1400000US06073008377","Census Tract 83.77; San Diego County; California","1220","99","1028","137","192","104",
"1400000US06073008378","Census Tract 83.78; San Diego County; California","520","88","391","65","129","100",
"1400000US06073008379","Census Tract 83.79; San Diego County; California","2287","218","1977","268","310","163",
"1400000US06073008380","Census Tract 83.80; San Diego County; California","3027","306","2938","343","89","88",
"1400000US06073008381","Census Tract 83.81; San Diego County; California","1119","241","1020","231","99","96",
"1400000US06073008501","Census Tract 85.01; San Diego County; California","2197","222","2170","225","27","33",
"1400000US06073008502","Census Tract 85.02; San Diego County; California","2602","308","2561","316","41","68",
"1400000US06073008503","Census Tract 85.03; San Diego County; California","3231","406","3119","427","112","121",
"1400000US06073008504","Census Tract 85.04; San Diego County; California","2375","223","2299","251","76","106",
"1400000US06073008505","Census Tract 85.05; San Diego County; California","2122","177","2055","182","67","78",
"1400000US06073008506","Census Tract 85.06; San Diego County; California","1620","172","1589","179","31","42",
"1400000US06073008507","Census Tract 85.07; San Diego County; California","2737","197","2459","253","278","166",
"1400000US06073008509","Census Tract 85.09; San Diego County; California","2883","326","2758","331","125","121",
"1400000US06073008510","Census Tract 85.10; San Diego County; California","2712","307","2662","316","50","82",
"1400000US06073008511","Census Tract 85.11; San Diego County; California","2922","467","2679","455","243","146",
"1400000US06073008512","Census Tract 85.12; San Diego County; California","1576","101","1568","101","8","12",
"1400000US06073008513","Census Tract 85.13; San Diego County; California","1163","128","1163","128","0","14",
"1400000US06073008600","Census Tract 86; San Diego County; California","2368","327","2255","345","113","125",
"1400000US06073008701","Census Tract 87.01; San Diego County; California","1303","136","1198","152","105","80",
"1400000US06073008702","Census Tract 87.02; San Diego County; California","1884","158","1668","211","216","145",
"1400000US06073008800","Census Tract 88; San Diego County; California","2153","143","2010","188","143","126",
"1400000US06073008901","Census Tract 89.01; San Diego County; California","2573","226","2573","226","0","19",
"1400000US06073008902","Census Tract 89.02; San Diego County; California","2462","196","2156","226","306","141",
"1400000US06073009000","Census Tract 90; San Diego County; California","1473","169","1388","180","85","70",
"1400000US06073009101","Census Tract 91.01; San Diego County; California","2444","274","2337","305","107","110",
"1400000US06073009102","Census Tract 91.02; San Diego County; California","2203","389","2067","365","136","115",
"1400000US06073009103","Census Tract 91.03; San Diego County; California","1691","136","1568","153","123","85",
"1400000US06073009104","Census Tract 91.04; San Diego County; California","1189","126","1127","120","62","70",
"1400000US06073009107","Census Tract 91.07; San Diego County; California","2666","172","2438","216","228","134",
"1400000US06073009108","Census Tract 91.08; San Diego County; California","998","154","933","150","65","47",
"1400000US06073009109","Census Tract 91.09; San Diego County; California","34","22","20","15","14","23",
"1400000US06073009201","Census Tract 92.01; San Diego County; California","2541","266","2318","283","223","161",
"1400000US06073009203","Census Tract 92.03; San Diego County; California","2712","118","2495","155","217","140",
"1400000US06073009204","Census Tract 92.04; San Diego County; California","1375","218","1375","218","0","14",
"1400000US06073009301","Census Tract 93.01; San Diego County; California","1947","274","1838","261","109","88",
"1400000US06073009305","Census Tract 93.05; San Diego County; California","2435","276","2355","290","80","99",
"1400000US06073009306","Census Tract 93.06; San Diego County; California","2267","202","2201","218","66","83",
"1400000US06073009307","Census Tract 93.07; San Diego County; California","3022","276","2711","312","311","191",
"1400000US06073009308","Census Tract 93.08; San Diego County; California","2395","197","2185","226","210","189",
"1400000US06073009400","Census Tract 94; San Diego County; California","567","67","515","89","52","44",
"1400000US06073009502","Census Tract 95.02; San Diego County; California","1618","187","1552","197","66","63",
"1400000US06073009504","Census Tract 95.04; San Diego County; California","2618","243","2356","277","262","150",
"1400000US06073009505","Census Tract 95.05; San Diego County; California","2898","263","2809","282","89","67",
"1400000US06073009506","Census Tract 95.06; San Diego County; California","1607","119","1586","119","21","22",
"1400000US06073009507","Census Tract 95.07; San Diego County; California","1622","253","1503","269","119","80",
"1400000US06073009509","Census Tract 95.09; San Diego County; California","2770","212","2521","260","249","176",
"1400000US06073009510","Census Tract 95.10; San Diego County; California","1484","235","1168","280","316","146",
"1400000US06073009511","Census Tract 95.11; San Diego County; California","1130","143","971","161","159","92",
"1400000US06073009602","Census Tract 96.02; San Diego County; California","1744","168","1657","173","87","80",
"1400000US06073009603","Census Tract 96.03; San Diego County; California","3836","287","3549","300","287","185",
"1400000US06073009604","Census Tract 96.04; San Diego County; California","1720","143","1545","180","175","115",
"1400000US06073009703","Census Tract 97.03; San Diego County; California","1312","92","1241","108","71","67",
"1400000US06073009704","Census Tract 97.04; San Diego County; California","2875","368","2823","383","52","74",
"1400000US06073009705","Census Tract 97.05; San Diego County; California","1410","77","1402","76","8","13",
"1400000US06073009706","Census Tract 97.06; San Diego County; California","2731","216","2570","243","161","106",
"1400000US06073009801","Census Tract 98.01; San Diego County; California","2272","233","2126","275","146","128",
"1400000US06073009802","Census Tract 98.02; San Diego County; California","2513","187","2444","206","69","86",
"1400000US06073009804","Census Tract 98.04; San Diego County; California","1940","168","1927","169","13","20",
"1400000US06073009805","Census Tract 98.05; San Diego County; California","1898","102","1863","121","35","51",
"1400000US06073009901","Census Tract 99.01; San Diego County; California","9","9","9","9","0","14",
"1400000US06073009902","Census Tract 99.02; San Diego County; California","0","14","0","14","0","14",
"1400000US06073010001","Census Tract 100.01; San Diego County; California","1137","139","1019","166","118","75",
"1400000US06073010003","Census Tract 100.03; San Diego County; California","1573","205","1534","207","39","42",
"1400000US06073010004","Census Tract 100.04; San Diego County; California","1096","103","1096","103","0","14",
"1400000US06073010005","Census Tract 100.05; San Diego County; California","2286","332","2268","334","18","28",
"1400000US06073010009","Census Tract 100.09; San Diego County; California","1536","125","1441","146","95","86",
"1400000US06073010010","Census Tract 100.10; San Diego County; California","1626","126","1582","145","44","69",
"1400000US06073010011","Census Tract 100.11; San Diego County; California","1060","206","1060","206","0","14",
"1400000US06073010012","Census Tract 100.12; San Diego County; California","1331","130","1297","132","34","40",
"1400000US06073010013","Census Tract 100.13; San Diego County; California","1785","212","1582","224","203","92",
"1400000US06073010015","Census Tract 100.15; San Diego County; California","1564","153","1428","179","136","95",
"1400000US06073010016","Census Tract 100.16; San Diego County; California","0","14","0","14","0","14",
"1400000US06073010017","Census Tract 100.17; San Diego County; California","1943","158","1820","181","123","107",
"1400000US06073010018","Census Tract 100.18; San Diego County; California","2166","246","2166","246","0","19",
"1400000US06073010019","Census Tract 100.19; San Diego County; California","1094","96","1052","117","42","64",
"1400000US06073010103","Census Tract 101.03; San Diego County; California","2303","364","2186","371","117","88",
"1400000US06073010104","Census Tract 101.04; San Diego County; California","1215","192","1121","183","94","87",
"1400000US06073010106","Census Tract 101.06; San Diego County; California","1401","84","1326","99","75","52",
"1400000US06073010107","Census Tract 101.07; San Diego County; California","1886","165","1665","198","221","152",
"1400000US06073010109","Census Tract 101.09; San Diego County; California","1221","139","1112","161","109","78",
"1400000US06073010110","Census Tract 101.10; San Diego County; California","2184","185","2002","217","182","122",
"1400000US06073010111","Census Tract 101.11; San Diego County; California","906","125","865","124","41","28",
"1400000US06073010112","Census Tract 101.12; San Diego County; California","1561","198","1494","205","67","62",
"1400000US06073010201","Census Tract 102.01; San Diego County; California","1494","157","1144","138","350","152",
"1400000US06073010202","Census Tract 102.02; San Diego County; California","1565","179","1357","227","208","98",
"1400000US06073010300","Census Tract 103; San Diego County; California","1546","118","1518","125","28","39",
"1400000US06073010401","Census Tract 104.01; San Diego County; California","855","96","813","109","42","42",
"1400000US06073010402","Census Tract 104.02; San Diego County; California","1953","151","1811","161","142","76",
"1400000US06073010501","Census Tract 105.01; San Diego County; California","587","69","554","78","33","35",
"1400000US06073010502","Census Tract 105.02; San Diego County; California","2299","236","2143","252","156","140",
"1400000US06073010601","Census Tract 106.01; San Diego County; California","1223","143","926","147","297","95",
"1400000US06073010800","Census Tract 108; San Diego County; California","1188","120","964","140","224","112",
"1400000US06073010900","Census Tract 109; San Diego County; California","797","97","621","92","176","74",
"1400000US06073011000","Census Tract 110; San Diego County; California","1721","211","1427","230","294","114",
"1400000US06073011100","Census Tract 111; San Diego County; California","1838","167","1581","189","257","109",
"1400000US06073011300","Census Tract 113; San Diego County; California","49","28","49","28","0","14",
"1400000US06073011601","Census Tract 116.01; San Diego County; California","1827","151","1667","171","160","90",
"1400000US06073011602","Census Tract 116.02; San Diego County; California","1454","304","1315","313","139","80",
"1400000US06073011700","Census Tract 117; San Diego County; California","2974","254","2649","297","325","185",
"1400000US06073011801","Census Tract 118.01; San Diego County; California","1157","154","1100","176","57","54",
"1400000US06073011802","Census Tract 118.02; San Diego County; California","2109","225","2043","239","66","62",
"1400000US06073011902","Census Tract 119.02; San Diego County; California","1898","214","1898","214","0","19",
"1400000US06073012002","Census Tract 120.02; San Diego County; California","1338","200","1305","199","33","40",
"1400000US06073012003","Census Tract 120.03; San Diego County; California","957","105","871","121","86","50",
"1400000US06073012101","Census Tract 121.01; San Diego County; California","728","77","698","74","30","28",
"1400000US06073012102","Census Tract 121.02; San Diego County; California","1019","107","913","130","106","59",
"1400000US06073012200","Census Tract 122; San Diego County; California","1044","152","940","156","104","62",
"1400000US06073012302","Census Tract 123.02; San Diego County; California","842","81","777","91","65","47",
"1400000US06073012303","Census Tract 123.03; San Diego County; California","1344","106","1194","122","150","100",
"1400000US06073012304","Census Tract 123.04; San Diego County; California","1601","171","1525","199","76","75",
"1400000US06073012401","Census Tract 124.01; San Diego County; California","1351","171","1201","182","150","82",
"1400000US06073012402","Census Tract 124.02; San Diego County; California","2159","203","1920","243","239","115",
"1400000US06073012501","Census Tract 125.01; San Diego County; California","1538","124","1498","133","40","50",
"1400000US06073012502","Census Tract 125.02; San Diego County; California","1786","165","1695","183","91","73",
"1400000US06073012600","Census Tract 126; San Diego County; California","1643","176","1526","179","117","103",
"1400000US06073012700","Census Tract 127; San Diego County; California","1929","162","1688","166","241","110",
"1400000US06073012800","Census Tract 128; San Diego County; California","1441","128","1331","144","110","84",
"1400000US06073012900","Census Tract 129; San Diego County; California","1182","124","1123","130","59","59",
"1400000US06073013000","Census Tract 130; San Diego County; California","1971","194","1874","204","97","73",
"1400000US06073013102","Census Tract 131.02; San Diego County; California","2411","250","2094","236","317","175",
"1400000US06073013103","Census Tract 131.03; San Diego County; California","875","167","728","187","147","78",
"1400000US06073013104","Census Tract 131.04; San Diego County; California","1893","201","1802","220","91","72",
"1400000US06073013203","Census Tract 132.03; San Diego County; California","2202","207","2113","190","89","102",
"1400000US06073013204","Census Tract 132.04; San Diego County; California","1285","188","1265","183","20","32",
"1400000US06073013205","Census Tract 132.05; San Diego County; California","762","107","700","114","62","44",
"1400000US06073013206","Census Tract 132.06; San Diego County; California","2343","197","2148","214","195","151",
"1400000US06073013301","Census Tract 133.01; San Diego County; California","1601","184","1601","184","0","14",
"1400000US06073013302","Census Tract 133.02; San Diego County; California","1524","227","1467","236","57","64",
"1400000US06073013303","Census Tract 133.03; San Diego County; California","1531","161","1440","174","91","72",
"1400000US06073013306","Census Tract 133.06; San Diego County; California","1315","146","1139","116","176","114",
"1400000US06073013307","Census Tract 133.07; San Diego County; California","1353","272","1259","279","94","85",
"1400000US06073013308","Census Tract 133.08; San Diego County; California","1119","138","1064","156","55","48",
"1400000US06073013309","Census Tract 133.09; San Diego County; California","1926","188","1889","203","37","59",
"1400000US06073013312","Census Tract 133.12; San Diego County; California","941","139","896","143","45","42",
"1400000US06073013315","Census Tract 133.15; San Diego County; California","1208","137","1208","137","0","14",
"1400000US06073013316","Census Tract 133.16; San Diego County; California","2355","314","2231","317","124","130",
"1400000US06073013317","Census Tract 133.17; San Diego County; California","5638","367","5291","426","347","248",
"1400000US06073013318","Census Tract 133.18; San Diego County; California","2230","276","2129","221","101","142",
"1400000US06073013319","Census Tract 133.19; San Diego County; California","3277","331","3228","332","49","59",
"1400000US06073013320","Census Tract 133.20; San Diego County; California","1867","146","1867","146","0","19",
"1400000US06073013321","Census Tract 133.21; San Diego County; California","2247","185","2143","207","104","104",
"1400000US06073013322","Census Tract 133.22; San Diego County; California","1106","32","1106","32","0","14",
"1400000US06073013323","Census Tract 133.23; San Diego County; California","2086","523","2076","523","10","16",
"1400000US06073013324","Census Tract 133.24; San Diego County; California","925","36","906","45","19","30",
"1400000US06073013325","Census Tract 133.25; San Diego County; California","1952","377","1952","377","0","19",
"1400000US06073013326","Census Tract 133.26; San Diego County; California","1358","446","1135","332","223","304",
"1400000US06073013327","Census Tract 133.27; San Diego County; California","1787","409","1715","414","72","82",
"1400000US06073013401","Census Tract 134.01; San Diego County; California","1380","149","1370","151","10","15",
"1400000US06073013409","Census Tract 134.09; San Diego County; California","2090","204","1975","236","115","90",
"1400000US06073013411","Census Tract 134.11; San Diego County; California","1670","142","1654","142","16","23",
"1400000US06073013412","Census Tract 134.12; San Diego County; California","1840","222","1806","228","34","37",
"1400000US06073013414","Census Tract 134.14; San Diego County; California","2543","415","2489","422","54","84",
"1400000US06073013415","Census Tract 134.15; San Diego County; California","543","69","527","64","16","25",
"1400000US06073013416","Census Tract 134.16; San Diego County; California","1232","166","1212","168","20","32",
"1400000US06073013417","Census Tract 134.17; San Diego County; California","690","88","668","88","22","26",
"1400000US06073013418","Census Tract 134.18; San Diego County; California","2197","348","2086","359","111","104",
"1400000US06073013420","Census Tract 134.20; San Diego County; California","993","82","993","82","0","14",
"1400000US06073013421","Census Tract 134.21; San Diego County; California","1395","130","1299","151","96","72",
"1400000US06073013422","Census Tract 134.22; San Diego County; California","1381","267","1317","275","64","65",
"1400000US06073013423","Census Tract 134.23; San Diego County; California","1031","81","1013","84","18","24",
"1400000US06073013424","Census Tract 134.24; San Diego County; California","1858","405","1858","405","0","19",
"1400000US06073013425","Census Tract 134.25; San Diego County; California","517","45","507","46","10","18",
"1400000US06073013503","Census Tract 135.03; San Diego County; California","1922","161","1882","146","40","65",
"1400000US06073013504","Census Tract 135.04; San Diego County; California","1381","130","1308","128","73","72",
"1400000US06073013505","Census Tract 135.05; San Diego County; California","2035","245","1960","255","75","84",
"1400000US06073013506","Census Tract 135.06; San Diego County; California","1210","164","1210","164","0","14",
"1400000US06073013601","Census Tract 136.01; San Diego County; California","2088","191","1995","206","93","73",
"1400000US06073013604","Census Tract 136.04; San Diego County; California","2181","215","2024","232","157","138",
"1400000US06073013605","Census Tract 136.05; San Diego County; California","2418","431","2331","407","87","142",
"1400000US06073013607","Census Tract 136.07; San Diego County; California","1040","120","954","166","86","120",
"1400000US06073013608","Census Tract 136.08; San Diego County; California","1709","185","1563","199","146","86",
"1400000US06073013701","Census Tract 137.01; San Diego County; California","888","71","853","80","35","36",
"1400000US06073013702","Census Tract 137.02; San Diego County; California","1723","130","1687","138","36","35",
"1400000US06073013801","Census Tract 138.01; San Diego County; California","1805","193","1805","193","0","19",
"1400000US06073013802","Census Tract 138.02; San Diego County; California","900","60","880","66","20","24",
"1400000US06073013903","Census Tract 139.03; San Diego County; California","1209","125","1161","123","48","47",
"1400000US06073013905","Census Tract 139.05; San Diego County; California","1266","165","1218","170","48","52",
"1400000US06073013906","Census Tract 139.06; San Diego County; California","1755","238","1715","238","40","49",
"1400000US06073013907","Census Tract 139.07; San Diego County; California","1325","174","1236","187","89","62",
"1400000US06073013908","Census Tract 139.08; San Diego County; California","1107","170","1107","170","0","14",
"1400000US06073013909","Census Tract 139.09; San Diego County; California","1502","385","1502","385","0","14",
"1400000US06073014001","Census Tract 140.01; San Diego County; California","1647","136","1521","166","126","107",
"1400000US06073014002","Census Tract 140.02; San Diego County; California","1258","153","1200","157","58","65",
"1400000US06073014101","Census Tract 141.01; San Diego County; California","1260","173","1260","173","0","14",
"1400000US06073014102","Census Tract 141.02; San Diego County; California","1063","119","1063","119","0","14",
"1400000US06073014200","Census Tract 142; San Diego County; California","2033","224","2003","230","30","47",
"1400000US06073014300","Census Tract 143; San Diego County; California","1324","112","1253","132","71","79",
"1400000US06073014400","Census Tract 144; San Diego County; California","2071","249","1992","256","79","68",
"1400000US06073014500","Census Tract 145; San Diego County; California","1458","137","1439","132","19","22",
"1400000US06073014601","Census Tract 146.01; San Diego County; California","2403","332","2299","354","104","100",
"1400000US06073014602","Census Tract 146.02; San Diego County; California","1955","186","1900","198","55","55",
"1400000US06073014701","Census Tract 147.01; San Diego County; California","1573","198","1454","211","119","99",
"1400000US06073014702","Census Tract 147.02; San Diego County; California","1765","240","1584","278","181","117",
"1400000US06073014803","Census Tract 148.03; San Diego County; California","2384","263","2146","216","238","214",
"1400000US06073014804","Census Tract 148.04; San Diego County; California","2038","196","1946","213","92","82",
"1400000US06073014805","Census Tract 148.05; San Diego County; California","2346","198","2253","193","93","105",
"1400000US06073014806","Census Tract 148.06; San Diego County; California","1645","293","1620","289","25","39",
"1400000US06073014901","Census Tract 149.01; San Diego County; California","1967","178","1855","187","112","86",
"1400000US06073014902","Census Tract 149.02; San Diego County; California","1478","155","1478","155","0","14",
"1400000US06073015001","Census Tract 150.01; San Diego County; California","1602","173","1582","172","20","31",
"1400000US06073015002","Census Tract 150.02; San Diego County; California","1206","335","1206","335","0","14",
"1400000US06073015100","Census Tract 151; San Diego County; California","1879","166","1763","184","116","77",
"1400000US06073015200","Census Tract 152; San Diego County; California","1447","158","1386","159","61","65",
"1400000US06073015301","Census Tract 153.01; San Diego County; California","1093","160","1081","160","12","25",
"1400000US06073015302","Census Tract 153.02; San Diego County; California","1563","197","1415","177","148","121",
"1400000US06073015403","Census Tract 154.03; San Diego County; California","834","71","830","71","4","7",
"1400000US06073015405","Census Tract 154.05; San Diego County; California","1767","106","1731","116","36","50",
"1400000US06073015406","Census Tract 154.06; San Diego County; California","899","103","862","76","37","62",
"1400000US06073015407","Census Tract 154.07; San Diego County; California","1329","156","1265","181","64","94",
"1400000US06073015408","Census Tract 154.08; San Diego County; California","1402","193","1392","194","10","17",
"1400000US06073015501","Census Tract 155.01; San Diego County; California","1890","136","1866","138","24","37",
"1400000US06073015502","Census Tract 155.02; San Diego County; California","1044","97","995","102","49","37",
"1400000US06073015601","Census Tract 156.01; San Diego County; California","2096","395","2076","396","20","33",
"1400000US06073015602","Census Tract 156.02; San Diego County; California","829","104","824","104","5","8",
"1400000US06073015701","Census Tract 157.01; San Diego County; California","2373","346","2333","352","40","71",
"1400000US06073015704","Census Tract 157.04; San Diego County; California","1503","216","1439","223","64","56",
"1400000US06073015705","Census Tract 157.05; San Diego County; California","1293","95","1279","97","14","22",
"1400000US06073015706","Census Tract 157.06; San Diego County; California","836","128","814","128","22","35",
"1400000US06073015801","Census Tract 158.01; San Diego County; California","1462","196","1450","204","12","27",
"1400000US06073015802","Census Tract 158.02; San Diego County; California","1612","241","1519","244","93","86",
"1400000US06073015901","Census Tract 159.01; San Diego County; California","1034","144","983","153","51","55",
"1400000US06073015902","Census Tract 159.02; San Diego County; California","1761","254","1761","254","0","19",
"1400000US06073016000","Census Tract 160; San Diego County; California","985","112","908","129","77","64",
"1400000US06073016100","Census Tract 161; San Diego County; California","2232","230","2106","304","126","143",
"1400000US06073016201","Census Tract 162.01; San Diego County; California","1895","127","1895","127","0","19",
"1400000US06073016202","Census Tract 162.02; San Diego County; California","1576","178","1330","197","246","140",
"1400000US06073016301","Census Tract 163.01; San Diego County; California","1943","189","1806","178","137","113",
"1400000US06073016302","Census Tract 163.02; San Diego County; California","1905","212","1777","214","128","98",
"1400000US06073016401","Census Tract 164.01; San Diego County; California","1761","153","1690","180","71","83",
"1400000US06073016403","Census Tract 164.03; San Diego County; California","1695","296","1639","291","56","66",
"1400000US06073016404","Census Tract 164.04; San Diego County; California","905","153","905","153","0","14",
"1400000US06073016502","Census Tract 165.02; San Diego County; California","2511","291","2479","296","32","52",
"1400000US06073016503","Census Tract 165.03; San Diego County; California","1038","99","951","107","87","79",
"1400000US06073016504","Census Tract 165.04; San Diego County; California","2346","184","2243","206","103","117",
"1400000US06073016606","Census Tract 166.06; San Diego County; California","1409","169","1409","169","0","14",
"1400000US06073016607","Census Tract 166.07; San Diego County; California","2530","286","2461","283","69","81",
"1400000US06073016608","Census Tract 166.08; San Diego County; California","811","64","811","64","0","14",
"1400000US06073016609","Census Tract 166.09; San Diego County; California","2029","204","2016","203","13","21",
"1400000US06073016610","Census Tract 166.10; San Diego County; California","1570","189","1548","191","22","32",
"1400000US06073016613","Census Tract 166.13; San Diego County; California","722","85","722","85","0","14",
"1400000US06073016614","Census Tract 166.14; San Diego County; California","1388","125","1388","125","0","14",
"1400000US06073016615","Census Tract 166.15; San Diego County; California","1247","117","1247","117","0","14",
"1400000US06073016616","Census Tract 166.16; San Diego County; California","1419","177","1373","180","46","53",
"1400000US06073016617","Census Tract 166.17; San Diego County; California","1697","152","1588","174","109","93",
"1400000US06073016618","Census Tract 166.18; San Diego County; California","1811","178","1618","173","193","131",
"1400000US06073016619","Census Tract 166.19; San Diego County; California","1906","225","1824","221","82","94",
"1400000US06073016620","Census Tract 166.20; San Diego County; California","939","112","882","120","57","50",
"1400000US06073016621","Census Tract 166.21; San Diego County; California","1415","132","1415","132","0","14",
"1400000US06073016703","Census Tract 167.03; San Diego County; California","1158","272","1152","272","6","10",
"1400000US06073016704","Census Tract 167.04; San Diego County; California","2544","262","2436","280","108","110",
"1400000US06073016705","Census Tract 167.05; San Diego County; California","1858","183","1846","183","12","26",
"1400000US06073016706","Census Tract 167.06; San Diego County; California","911","94","908","94","3","19",
"1400000US06073016804","Census Tract 168.04; San Diego County; California","3030","375","2927","356","103","122",
"1400000US06073016806","Census Tract 168.06; San Diego County; California","1412","119","1302","117","110","67",
"1400000US06073016807","Census Tract 168.07; San Diego County; California","2884","369","2617","371","267","178",
"1400000US06073016809","Census Tract 168.09; San Diego County; California","1973","154","1881","171","92","91",
"1400000US06073016810","Census Tract 168.10; San Diego County; California","883","64","883","64","0","14",
"1400000US06073016811","Census Tract 168.11; San Diego County; California","1750","186","1681","200","69","78",
"1400000US06073016812","Census Tract 168.12; San Diego County; California","1265","159","1247","158","18","21",
"1400000US06073016813","Census Tract 168.13; San Diego County; California","1140","69","1140","69","0","14",
"1400000US06073016901","Census Tract 169.01; San Diego County; California","2520","327","2377","288","143","175",
"1400000US06073016902","Census Tract 169.02; San Diego County; California","787","95","753","96","34","27",
"1400000US06073017006","Census Tract 170.06; San Diego County; California","1120","167","1030","176","90","81",
"1400000US06073017009","Census Tract 170.09; San Diego County; California","1521","142","1521","142","0","14",
"1400000US06073017010","Census Tract 170.10; San Diego County; California","1019","94","967","89","52","60",
"1400000US06073017014","Census Tract 170.14; San Diego County; California","1776","234","1582","244","194","114",
"1400000US06073017018","Census Tract 170.18; San Diego County; California","2042","220","1933","186","109","108",
"1400000US06073017020","Census Tract 170.20; San Diego County; California","1575","202","1539","202","36","56",
"1400000US06073017021","Census Tract 170.21; San Diego County; California","1152","182","1107","182","45","47",
"1400000US06073017022","Census Tract 170.22; San Diego County; California","2304","221","2247","228","57","52",
"1400000US06073017031","Census Tract 170.31; San Diego County; California","1374","90","1289","84","85","80",
"1400000US06073017033","Census Tract 170.33; San Diego County; California","1981","187","1914","180","67","67",
"1400000US06073017034","Census Tract 170.34; San Diego County; California","2214","260","2094","269","120","105",
"1400000US06073017035","Census Tract 170.35; San Diego County; California","1287","117","1260","124","27","42",
"1400000US06073017036","Census Tract 170.36; San Diego County; California","1129","96","1099","110","30","47",
"1400000US06073017037","Census Tract 170.37; San Diego County; California","1924","97","1826","158","98","107",
"1400000US06073017039","Census Tract 170.39; San Diego County; California","2691","261","2633","272","58","82",
"1400000US06073017040","Census Tract 170.40; San Diego County; California","1492","164","1492","164","0","14",
"1400000US06073017041","Census Tract 170.41; San Diego County; California","2094","161","1904","171","190","147",
"1400000US06073017043","Census Tract 170.43; San Diego County; California","2139","205","2139","205","0","19",
"1400000US06073017044","Census Tract 170.44; San Diego County; California","1971","155","1928","140","43","68",
"1400000US06073017045","Census Tract 170.45; San Diego County; California","810","56","794","65","16","26",
"1400000US06073017046","Census Tract 170.46; San Diego County; California","1428","150","1374","146","54","54",
"1400000US06073017047","Census Tract 170.47; San Diego County; California","1578","173","1480","187","98","79",
"1400000US06073017048","Census Tract 170.48; San Diego County; California","2229","162","2181","144","48","79",
"1400000US06073017049","Census Tract 170.49; San Diego County; California","932","117","932","117","0","14",
"1400000US06073017050","Census Tract 170.50; San Diego County; California","1029","110","991","104","38","59",
"1400000US06073017051","Census Tract 170.51; San Diego County; California","2178","240","2178","240","0","14",
"1400000US06073017052","Census Tract 170.52; San Diego County; California","2307","237","2122","253","185","155",
"1400000US06073017053","Census Tract 170.53; San Diego County; California","1174","144","1162","147","12","20",
"1400000US06073017054","Census Tract 170.54; San Diego County; California","1987","209","1957","216","30","47",
"1400000US06073017055","Census Tract 170.55; San Diego County; California","2029","207","1915","200","114","74",
"1400000US06073017056","Census Tract 170.56; San Diego County; California","1834","142","1765","166","69","75",
"1400000US06073017057","Census Tract 170.57; San Diego County; California","1587","253","1517","259","70","59",
"1400000US06073017058","Census Tract 170.58; San Diego County; California","1910","356","1828","364","82","77",
"1400000US06073017059","Census Tract 170.59; San Diego County; California","1692","144","1558","162","134","96",
"1400000US06073017060","Census Tract 170.60; San Diego County; California","1359","190","1330","189","29","33",
"1400000US06073017061","Census Tract 170.61; San Diego County; California","1619","196","1467","189","152","115",
"1400000US06073017062","Census Tract 170.62; San Diego County; California","1842","186","1498","175","344","168",
"1400000US06073017063","Census Tract 170.63; San Diego County; California","1729","139","1627","170","102","77",
"1400000US06073017064","Census Tract 170.64; San Diego County; California","2312","479","2243","483","69","85",
"1400000US06073017065","Census Tract 170.65; San Diego County; California","3315","523","3315","523","0","21",
"1400000US06073017066","Census Tract 170.66; San Diego County; California","1843","121","1823","137","20","33",
"1400000US06073017067","Census Tract 170.67; San Diego County; California","872","59","872","59","0","14",
"1400000US06073017068","Census Tract 170.68; San Diego County; California","1828","254","1788","261","40","64",
"1400000US06073017069","Census Tract 170.69; San Diego County; California","801","56","801","56","0","14",
"1400000US06073017070","Census Tract 170.70; San Diego County; California","1603","101","1603","101","0","19",
"1400000US06073017071","Census Tract 170.71; San Diego County; California","1861","363","1800","361","61","72",
"1400000US06073017104","Census Tract 171.04; San Diego County; California","1433","139","1405","145","28","45",
"1400000US06073017106","Census Tract 171.06; San Diego County; California","2038","188","1468","181","570","186",
"1400000US06073017107","Census Tract 171.07; San Diego County; California","1060","146","1060","146","0","14",
"1400000US06073017108","Census Tract 171.08; San Diego County; California","1648","151","1638","145","10","15",
"1400000US06073017109","Census Tract 171.09; San Diego County; California","2129","160","2094","163","35","56",
"1400000US06073017111","Census Tract 171.11; San Diego County; California","1887","339","1667","311","220","163",
"1400000US06073017112","Census Tract 171.12; San Diego County; California","742","55","692","73","50","50",
"1400000US06073017113","Census Tract 171.13; San Diego County; California","1822","216","1807","214","15","24",
"1400000US06073017201","Census Tract 172.01; San Diego County; California","1533","128","1104","169","429","142",
"1400000US06073017202","Census Tract 172.02; San Diego County; California","1017","228","751","147","266","166",
"1400000US06073017303","Census Tract 173.03; San Diego County; California","1492","242","1370","247","122","97",
"1400000US06073017305","Census Tract 173.05; San Diego County; California","1420","195","1358","203","62","73",
"1400000US06073017306","Census Tract 173.06; San Diego County; California","1283","156","1123","134","160","132",
"1400000US06073017307","Census Tract 173.07; San Diego County; California","1626","185","1081","164","545","163",
"1400000US06073017308","Census Tract 173.08; San Diego County; California","1303","153","1188","170","115","92",
"1400000US06073017403","Census Tract 174.03; San Diego County; California","2000","148","1945","134","55","67",
"1400000US06073017405","Census Tract 174.05; San Diego County; California","1446","314","1320","331","126","115",
"1400000US06073017406","Census Tract 174.06; San Diego County; California","1185","158","1107","140","78","86",
"1400000US06073017407","Census Tract 174.07; San Diego County; California","1467","159","1247","161","220","130",
"1400000US06073017408","Census Tract 174.08; San Diego County; California","1255","73","1144","131","111","96",
"1400000US06073017501","Census Tract 175.01; San Diego County; California","1515","211","1301","226","214","100",
"1400000US06073017502","Census Tract 175.02; San Diego County; California","1445","206","1352","182","93","101",
"1400000US06073017601","Census Tract 176.01; San Diego County; California","2341","194","2147","186","194","128",
"1400000US06073017603","Census Tract 176.03; San Diego County; California","1150","138","1121","142","29","37",
"1400000US06073017605","Census Tract 176.05; San Diego County; California","1592","197","1332","177","260","160",
"1400000US06073017606","Census Tract 176.06; San Diego County; California","1790","231","1639","213","151","127",
"1400000US06073017701","Census Tract 177.01; San Diego County; California","2766","305","2217","236","549","264",
"1400000US06073017702","Census Tract 177.02; San Diego County; California","1604","158","1416","159","188","96",
"1400000US06073017801","Census Tract 178.01; San Diego County; California","2887","305","2856","303","31","33",
"1400000US06073017808","Census Tract 178.08; San Diego County; California","2381","296","2171","258","210","159",
"1400000US06073017809","Census Tract 178.09; San Diego County; California","919","84","879","82","40","39",
"1400000US06073017810","Census Tract 178.10; San Diego County; California","2193","199","2012","254","181","146",
"1400000US06073017811","Census Tract 178.11; San Diego County; California","2886","219","2672","268","214","156",
"1400000US06073017813","Census Tract 178.13; San Diego County; California","2068","191","1720","186","348","134",
"1400000US06073017901","Census Tract 179.01; San Diego County; California","2099","200","1911","248","188","135",
"1400000US06073017902","Census Tract 179.02; San Diego County; California","1488","301","1296","307","192","147",
"1400000US06073018000","Census Tract 180; San Diego County; California","2221","210","1781","200","440","133",
"1400000US06073018101","Census Tract 181.01; San Diego County; California","1486","224","1357","223","129","119",
"1400000US06073018102","Census Tract 181.02; San Diego County; California","1583","278","1252","311","331","136",
"1400000US06073018201","Census Tract 182.01; San Diego County; California","1434","176","1283","170","151","100",
"1400000US06073018202","Census Tract 182.02; San Diego County; California","1451","200","1173","164","278","151",
"1400000US06073018301","Census Tract 183.01; San Diego County; California","1479","156","576","119","903","135",
"1400000US06073018302","Census Tract 183.02; San Diego County; California","1056","126","657","100","399","123",
"1400000US06073018400","Census Tract 184; San Diego County; California","2090","189","1646","195","444","161",
"1400000US06073018504","Census Tract 185.04; San Diego County; California","2641","264","2526","257","115","104",
"1400000US06073018509","Census Tract 185.09; San Diego County; California","1971","248","1910","229","61","71",
"1400000US06073018510","Census Tract 185.10; San Diego County; California","1102","90","1071","93","31","52",
"1400000US06073018511","Census Tract 185.11; San Diego County; California","1975","248","1890","246","85","69",
"1400000US06073018512","Census Tract 185.12; San Diego County; California","2201","272","2017","262","184","131",
"1400000US06073018515","Census Tract 185.15; San Diego County; California","2007","175","1893","203","114","122",
"1400000US06073018516","Census Tract 185.16; San Diego County; California","1293","132","1293","132","0","14",
"1400000US06073018517","Census Tract 185.17; San Diego County; California","1908","149","1806","151","102","77",
"1400000US06073018518","Census Tract 185.18; San Diego County; California","920","143","903","144","17","26",
"1400000US06073018519","Census Tract 185.19; San Diego County; California","1392","158","1373","158","19","31",
"1400000US06073018520","Census Tract 185.20; San Diego County; California","1579","122","1579","122","0","19",
"1400000US06073018521","Census Tract 185.21; San Diego County; California","1694","139","1583","150","111","74",
"1400000US06073018522","Census Tract 185.22; San Diego County; California","2048","203","1927","176","121","138",
"1400000US06073018523","Census Tract 185.23; San Diego County; California","2072","233","2072","233","0","19",
"1400000US06073018524","Census Tract 185.24; San Diego County; California","1422","169","1290","183","132","99",
"1400000US06073018525","Census Tract 185.25; San Diego County; California","1407","168","1407","168","0","14",
"1400000US06073018601","Census Tract 186.01; San Diego County; California","1541","140","1430","143","111","100",
"1400000US06073018608","Census Tract 186.08; San Diego County; California","1029","99","1016","100","13","23",
"1400000US06073018609","Census Tract 186.09; San Diego County; California","1841","167","1800","168","41","45",
"1400000US06073018612","Census Tract 186.12; San Diego County; California","1373","242","1364","242","9","14",
"1400000US06073018613","Census Tract 186.13; San Diego County; California","1306","117","1205","134","101","81",
"1400000US06073018615","Census Tract 186.15; San Diego County; California","893","222","838","229","55","51",
"1400000US06073018616","Census Tract 186.16; San Diego County; California","1492","205","1466","201","26","40",
"1400000US06073018617","Census Tract 186.17; San Diego County; California","1002","82","1002","82","0","14",
"1400000US06073018618","Census Tract 186.18; San Diego County; California","986","99","986","99","0","14",
"1400000US06073018619","Census Tract 186.19; San Diego County; California","1724","123","1645","152","79","64",
"1400000US06073018620","Census Tract 186.20; San Diego County; California","615","48","600","53","15","24",
"1400000US06073018621","Census Tract 186.21; San Diego County; California","594","76","568","82","26","33",
"1400000US06073018622","Census Tract 186.22; San Diego County; California","2013","305","1877","312","136","94",
"1400000US06073018700","Census Tract 187; San Diego County; California","7838","712","7257","742","581","338",
"1400000US06073018801","Census Tract 188.01; San Diego County; California","1342","115","1227","140","115","86",
"1400000US06073018803","Census Tract 188.03; San Diego County; California","2013","171","1879","180","134","88",
"1400000US06073018804","Census Tract 188.04; San Diego County; California","2177","256","2114","249","63","79",
"1400000US06073018805","Census Tract 188.05; San Diego County; California","1559","215","1473","221","86","75",
"1400000US06073018903","Census Tract 189.03; San Diego County; California","1735","172","1654","168","81","76",
"1400000US06073018904","Census Tract 189.04; San Diego County; California","1901","134","1877","137","24","38",
"1400000US06073018905","Census Tract 189.05; San Diego County; California","1936","112","1803","155","133","110",
"1400000US06073018906","Census Tract 189.06; San Diego County; California","2095","150","1890","145","205","134",
"1400000US06073019001","Census Tract 190.01; San Diego County; California","2567","338","2231","251","336","220",
"1400000US06073019002","Census Tract 190.02; San Diego County; California","1634","213","1582","213","52","41",
"1400000US06073019103","Census Tract 191.03; San Diego County; California","2237","326","2069","311","168","152",
"1400000US06073019105","Census Tract 191.05; San Diego County; California","3464","409","3095","431","369","195",
"1400000US06073019107","Census Tract 191.07; San Diego County; California","828","69","799","72","29","15",
"1400000US06073019108","Census Tract 191.08; San Diego County; California","971","107","791","93","180","85",
"1400000US06073019109","Census Tract 191.09; San Diego County; California","1537","437","1523","437","14","12",
"1400000US06073019110","Census Tract 191.10; San Diego County; California","1827","206","1522","150","305","198",
"1400000US06073019111","Census Tract 191.11; San Diego County; California","1199","149","1096","108","103","106",
"1400000US06073019203","Census Tract 192.03; San Diego County; California","894","87","870","91","24","24",
"1400000US06073019205","Census Tract 192.05; San Diego County; California","2310","243","2038","237","272","170",
"1400000US06073019206","Census Tract 192.06; San Diego County; California","1508","116","1508","116","0","19",
"1400000US06073019208","Census Tract 192.08; San Diego County; California","1272","149","1162","160","110","64",
"1400000US06073019209","Census Tract 192.09; San Diego County; California","1063","143","1049","141","14","23",
"1400000US06073019210","Census Tract 192.10; San Diego County; California","1848","208","1812","226","36","45",
"1400000US06073019301","Census Tract 193.01; San Diego County; California","2367","352","2267","396","100","108",
"1400000US06073019303","Census Tract 193.03; San Diego County; California","2797","341","2649","328","148","122",
"1400000US06073019304","Census Tract 193.04; San Diego County; California","1199","133","1139","105","60","96",
"1400000US06073019305","Census Tract 193.05; San Diego County; California","1885","229","1789","237","96","61",
"1400000US06073019403","Census Tract 194.03; San Diego County; California","2059","152","2032","135","27","43",
"1400000US06073019404","Census Tract 194.04; San Diego County; California","790","78","790","78","0","14",
"1400000US06073019405","Census Tract 194.05; San Diego County; California","1400","176","1400","176","0","14",
"1400000US06073019406","Census Tract 194.06; San Diego County; California","1815","268","1706","270","109","95",
"1400000US06073019501","Census Tract 195.01; San Diego County; California","819","84","784","84","35","32",
"1400000US06073019502","Census Tract 195.02; San Diego County; California","1640","176","1534","186","106","64",
"1400000US06073019503","Census Tract 195.03; San Diego County; California","1724","155","1671","169","53","50",
"1400000US06073019601","Census Tract 196.01; San Diego County; California","2164","185","2164","185","0","19",
"1400000US06073019602","Census Tract 196.02; San Diego County; California","1784","156","1691","161","93","84",
"1400000US06073019701","Census Tract 197.01; San Diego County; California","2917","316","2807","330","110","118",
"1400000US06073019702","Census Tract 197.02; San Diego County; California","1648","136","1613","124","35","58",
"1400000US06073019803","Census Tract 198.03; San Diego County; California","2404","303","2299","349","105","118",
"1400000US06073019804","Census Tract 198.04; San Diego County; California","1653","123","1582","142","71","67",
"1400000US06073019805","Census Tract 198.05; San Diego County; California","1511","162","1395","179","116","78",
"1400000US06073019808","Census Tract 198.08; San Diego County; California","2616","308","2383","359","233","144",
"1400000US06073019809","Census Tract 198.09; San Diego County; California","1687","202","1647","205","40","49",
"1400000US06073019810","Census Tract 198.10; San Diego County; California","2307","411","2307","411","0","19",
"1400000US06073019811","Census Tract 198.11; San Diego County; California","2560","177","2443","201","117","127",
"1400000US06073019902","Census Tract 199.02; San Diego County; California","1396","160","1280","144","116","106",
"1400000US06073019903","Census Tract 199.03; San Diego County; California","1575","174","1494","189","81","89",
"1400000US06073019904","Census Tract 199.04; San Diego County; California","2522","163","2442","154","80","85",
"1400000US06073019905","Census Tract 199.05; San Diego County; California","2143","289","2092","295","51","60",
"1400000US06073020015","Census Tract 200.15; San Diego County; California","2274","298","2137","321","137","128",
"1400000US06073020017","Census Tract 200.17; San Diego County; California","1070","66","1070","66","0","14",
"1400000US06073020019","Census Tract 200.19; San Diego County; California","2942","282","2942","282","0","19",
"1400000US06073020021","Census Tract 200.21; San Diego County; California","1729","113","1641","112","88","80",
"1400000US06073020023","Census Tract 200.23; San Diego County; California","1319","80","1265","104","54","68",
"1400000US06073020024","Census Tract 200.24; San Diego County; California","1622","251","1584","259","38","52",
"1400000US06073020025","Census Tract 200.25; San Diego County; California","1897","183","1851","178","46","52",
"1400000US06073020026","Census Tract 200.26; San Diego County; California","1787","190","1726","207","61","58",
"1400000US06073020028","Census Tract 200.28; San Diego County; California","1054","85","966","100","88","70",
"1400000US06073020029","Census Tract 200.29; San Diego County; California","2762","235","2562","267","200","152",
"1400000US06073020030","Census Tract 200.30; San Diego County; California","2690","375","2591","342","99","161",
"1400000US06073020031","Census Tract 200.31; San Diego County; California","2433","348","2249","377","184","138",
"1400000US06073020032","Census Tract 200.32; San Diego County; California","1613","151","1439","173","174","131",
"1400000US06073020033","Census Tract 200.33; San Diego County; California","1637","213","1581","226","56","56",
"1400000US06073020034","Census Tract 200.34; San Diego County; California","846","85","846","85","0","14",
"1400000US06073020035","Census Tract 200.35; San Diego County; California","2365","203","2226","221","139","136",
"1400000US06073020036","Census Tract 200.36; San Diego County; California","1041","219","1041","219","0","14",
"1400000US06073020037","Census Tract 200.37; San Diego County; California","1365","223","1365","223","0","14",
"1400000US06073020038","Census Tract 200.38; San Diego County; California","1571","204","1571","204","0","19",
"1400000US06073020039","Census Tract 200.39; San Diego County; California","579","38","550","58","29","39",
"1400000US06073020040","Census Tract 200.40; San Diego County; California","1538","199","1499","201","39","59",
"1400000US06073020041","Census Tract 200.41; San Diego County; California","1007","81","991","86","16","26",
"1400000US06073020042","Census Tract 200.42; San Diego County; California","1833","373","1774","376","59","65",
"1400000US06073020043","Census Tract 200.43; San Diego County; California","1798","167","1747","194","51","61",
"1400000US06073020044","Census Tract 200.44; San Diego County; California","3115","411","3022","419","93","98",
"1400000US06073020105","Census Tract 201.05; San Diego County; California","1591","146","1478","151","113","93",
"1400000US06073020106","Census Tract 201.06; San Diego County; California","1131","126","1103","116","28","45",
"1400000US06073020107","Census Tract 201.07; San Diego County; California","1321","172","1242","188","79","83",
"1400000US06073020108","Census Tract 201.08; San Diego County; California","1605","121","1523","96","82","78",
"1400000US06073020109","Census Tract 201.09; San Diego County; California","1318","126","1301","131","17","31",
"1400000US06073020110","Census Tract 201.10; San Diego County; California","2689","366","2684","365","5","6",
"1400000US06073020111","Census Tract 201.11; San Diego County; California","1326","235","1326","235","0","14",
"1400000US06073020202","Census Tract 202.02; San Diego County; California","2241","428","2157","431","84","73",
"1400000US06073020206","Census Tract 202.06; San Diego County; California","1349","190","1289","189","60","57",
"1400000US06073020207","Census Tract 202.07; San Diego County; California","1650","448","1496","443","154","88",
"1400000US06073020208","Census Tract 202.08; San Diego County; California","766","144","766","144","0","14",
"1400000US06073020209","Census Tract 202.09; San Diego County; California","1765","123","1693","143","72","67",
"1400000US06073020210","Census Tract 202.10; San Diego County; California","1751","233","1695","248","56","59",
"1400000US06073020211","Census Tract 202.11; San Diego County; California","2088","192","2045","181","43","61",
"1400000US06073020213","Census Tract 202.13; San Diego County; California","1247","215","1233","217","14","24",
"1400000US06073020214","Census Tract 202.14; San Diego County; California","2022","335","1860","348","162","86",
"1400000US06073020304","Census Tract 203.04; San Diego County; California","2416","187","2313","199","103","99",
"1400000US06073020305","Census Tract 203.05; San Diego County; California","2426","269","2349","285","77","86",
"1400000US06073020308","Census Tract 203.08; San Diego County; California","3035","394","2985","390","50","72",
"1400000US06073020309","Census Tract 203.09; San Diego County; California","1532","259","1506","245","26","41",
"1400000US06073020310","Census Tract 203.10; San Diego County; California","2962","239","2638","302","324","193",
"1400000US06073020311","Census Tract 203.11; San Diego County; California","1632","202","1579","183","53","88",
"1400000US06073020312","Census Tract 203.12; San Diego County; California","1581","272","1555","271","26","33",
"1400000US06073020313","Census Tract 203.13; San Diego County; California","1276","125","1190","147","86","73",
"1400000US06073020401","Census Tract 204.01; San Diego County; California","927","79","903","76","24","23",
"1400000US06073020403","Census Tract 204.03; San Diego County; California","1310","159","1284","156","26","33",
"1400000US06073020404","Census Tract 204.04; San Diego County; California","2158","277","2067","286","91","78",
"1400000US06073020405","Census Tract 204.05; San Diego County; California","1255","119","1255","119","0","14",
"1400000US06073020500","Census Tract 205; San Diego County; California","1444","147","1325","150","119","84",
"1400000US06073020601","Census Tract 206.01; San Diego County; California","1909","343","1890","339","19","31",
"1400000US06073020602","Census Tract 206.02; San Diego County; California","2034","145","1958","170","76","76",
"1400000US06073020705","Census Tract 207.05; San Diego County; California","1384","84","1337","95","47","52",
"1400000US06073020706","Census Tract 207.06; San Diego County; California","2317","253","2098","267","219","143",
"1400000US06073020707","Census Tract 207.07; San Diego County; California","1688","138","1575","162","113","78",
"1400000US06073020708","Census Tract 207.08; San Diego County; California","1316","113","1316","113","0","14",
"1400000US06073020710","Census Tract 207.10; San Diego County; California","630","38","608","45","22","23",
"1400000US06073020711","Census Tract 207.11; San Diego County; California","1243","363","1225","364","18","22",
"1400000US06073020712","Census Tract 207.12; San Diego County; California","1493","296","1483","296","10","16",
"1400000US06073020801","Census Tract 208.01; San Diego County; California","1866","164","1799","169","67","61",
"1400000US06073020805","Census Tract 208.05; San Diego County; California","1154","143","1154","143","0","14",
"1400000US06073020806","Census Tract 208.06; San Diego County; California","2117","184","2009","204","108","114",
"1400000US06073020807","Census Tract 208.07; San Diego County; California","1119","271","1042","272","77","81",
"1400000US06073020810","Census Tract 208.10; San Diego County; California","1679","189","1679","189","0","19",
"1400000US06073020811","Census Tract 208.11; San Diego County; California","2072","274","2028","276","44","58",
"1400000US06073020812","Census Tract 208.12; San Diego County; California","816","323","816","323","0","14",
"1400000US06073020813","Census Tract 208.13; San Diego County; California","1558","226","1482","219","76","89",
"1400000US06073020902","Census Tract 209.02; San Diego County; California","1158","140","954","151","204","82",
"1400000US06073020903","Census Tract 209.03; San Diego County; California","1468","89","1171","110","297","110",
"1400000US06073020904","Census Tract 209.04; San Diego County; California","1884","305","1260","283","624","211",
"1400000US06073021001","Census Tract 210.01; San Diego County; California","1861","273","1077","218","784","243",
"1400000US06073021002","Census Tract 210.02; San Diego County; California","1433","246","781","240","652","202",
"1400000US06073021101","Census Tract 211.01; San Diego County; California","1839","385","1688","387","151","96",
"1400000US06073021102","Census Tract 211.02; San Diego County; California","1037","135","999","144","38","57",
"1400000US06073021202","Census Tract 212.02; San Diego County; California","1215","201","1135","187","80","64",
"1400000US06073021204","Census Tract 212.04; San Diego County; California","1944","173","1924","174","20","26",
"1400000US06073021205","Census Tract 212.05; San Diego County; California","2733","237","2610","247","123","123",
"1400000US06073021206","Census Tract 212.06; San Diego County; California","1216","212","1147","196","69","99",
"1400000US06073021302","Census Tract 213.02; San Diego County; California","1555","209","1423","228","132","80",
"1400000US06073021304","Census Tract 213.04; San Diego County; California","999","210","952","197","47","37",
"1400000US06073021305","Census Tract 213.05; San Diego County; California","1349","118","1300","127","49","57",
"1400000US06073021306","Census Tract 213.06; San Diego County; California","1594","135","1499","159","95","82",
"1400000US06073021401","Census Tract 214.01; San Diego County; California","1542","137","1542","137","0","14",
"1400000US06073021402","Census Tract 214.02; San Diego County; California","1344","171","1242","193","102","88",
"1400000US06073021501","Census Tract 215.01; San Diego County; California","1290","304","1225","311","65","49",
"1400000US06073021502","Census Tract 215.02; San Diego County; California","3486","259","3231","268","255","182",
"1400000US06073021600","Census Tract 216; San Diego County; California","2004","186","945","166","1059","151",
"1400000US06073021800","Census Tract 218; San Diego County; California","1076","105","790","121","286","86",
"1400000US06073021900","Census Tract 219; San Diego County; California","793","112","741","107","52","46",
"1400000US06073022000","Census Tract 220; San Diego County; California","1762","366","1662","391","100","71",
"1400000US06073022101","Census Tract 221.01; San Diego County; California","956","46","900","72","56","53",
"1400000US06073022102","Census Tract 221.02; San Diego County; California","3019","284","2767","255","252","205",
"1400000US06073990100","Census Tract 9901; San Diego County; California","0","14","0","14","0","14",
