"GEO_ID","NAME","B01003_001E","B01003_001M",
"Geography","Geographic Area Name","Estimate!!Total","Margin of Error!!Total",
"1400000US06073000100","Census Tract 1; San Diego County; California","2948","388",
"1400000US06073000201","Census Tract 2.01; San Diego County; California","2270","336",
"1400000US06073000202","Census Tract 2.02; San Diego County; California","3755","537",
"1400000US06073000301","Census Tract 3.01; San Diego County; California","2311","365",
"1400000US06073000302","Census Tract 3.02; San Diego County; California","2873","327",
"1400000US06073000400","Census Tract 4; San Diego County; California","4315","523",
"1400000US06073000500","Census Tract 5; San Diego County; California","2983","396",
"1400000US06073000600","Census Tract 6; San Diego County; California","3221","338",
"1400000US06073000700","Census Tract 7; San Diego County; California","4341","568",
"1400000US06073000800","Census Tract 8; San Diego County; California","5283","613",
"1400000US06073000901","Census Tract 9.01; San Diego County; California","3632","412",
"1400000US06073000902","Census Tract 9.02; San Diego County; California","2441","330",
"1400000US06073001000","Census Tract 10; San Diego County; California","4978","553",
"1400000US06073001100","Census Tract 11; San Diego County; California","3068","395",
"1400000US06073001201","Census Tract 12.01; San Diego County; California","1982","544",
"1400000US06073001202","Census Tract 12.02; San Diego County; California","3054","459",
"1400000US06073001301","Census Tract 13.01; San Diego County; California","2816","463",
"1400000US06073001302","Census Tract 13.02; San Diego County; California","3238","306",
"1400000US06073001400","Census Tract 14; San Diego County; California","3285","362",
"1400000US06073001500","Census Tract 15; San Diego County; California","3961","314",
"1400000US06073001600","Census Tract 16; San Diego County; California","6014","1099",
"1400000US06073001700","Census Tract 17; San Diego County; California","4867","480",
"1400000US06073001801","Census Tract 18.01; San Diego County; California","1982","342",
"1400000US06073001802","Census Tract 18.02; San Diego County; California","3501","592",
"1400000US06073001900","Census Tract 19; San Diego County; California","3160","350",
"1400000US06073002001","Census Tract 20.01; San Diego County; California","3570","453",
"1400000US06073002002","Census Tract 20.02; San Diego County; California","2733","388",
"1400000US06073002100","Census Tract 21; San Diego County; California","5333","884",
"1400000US06073002201","Census Tract 22.01; San Diego County; California","3170","703",
"1400000US06073002202","Census Tract 22.02; San Diego County; California","4604","631",
"1400000US06073002301","Census Tract 23.01; San Diego County; California","3247","593",
"1400000US06073002302","Census Tract 23.02; San Diego County; California","6030","1616",
"1400000US06073002401","Census Tract 24.01; San Diego County; California","4295","726",
"1400000US06073002402","Census Tract 24.02; San Diego County; California","4665","681",
"1400000US06073002501","Census Tract 25.01; San Diego County; California","5046","478",
"1400000US06073002502","Census Tract 25.02; San Diego County; California","7231","926",
"1400000US06073002601","Census Tract 26.01; San Diego County; California","6025","841",
"1400000US06073002602","Census Tract 26.02; San Diego County; California","4624","810",
"1400000US06073002702","Census Tract 27.02; San Diego County; California","5592","589",
"1400000US06073002703","Census Tract 27.03; San Diego County; California","7111","1248",
"1400000US06073002705","Census Tract 27.05; San Diego County; California","4868","680",
"1400000US06073002707","Census Tract 27.07; San Diego County; California","5333","1089",
"1400000US06073002708","Census Tract 27.08; San Diego County; California","4839","667",
"1400000US06073002709","Census Tract 27.09; San Diego County; California","3987","797",
"1400000US06073002710","Census Tract 27.10; San Diego County; California","4426","627",
"1400000US06073002711","Census Tract 27.11; San Diego County; California","3645","457",
"1400000US06073002712","Census Tract 27.12; San Diego County; California","5309","793",
"1400000US06073002801","Census Tract 28.01; San Diego County; California","5239","429",
"1400000US06073002803","Census Tract 28.03; San Diego County; California","5457","526",
"1400000US06073002804","Census Tract 28.04; San Diego County; California","6071","973",
"1400000US06073002902","Census Tract 29.02; San Diego County; California","6007","599",
"1400000US06073002903","Census Tract 29.03; San Diego County; California","4517","800",
"1400000US06073002904","Census Tract 29.04; San Diego County; California","9700","1052",
"1400000US06073002905","Census Tract 29.05; San Diego County; California","4818","595",
"1400000US06073003001","Census Tract 30.01; San Diego County; California","4537","631",
"1400000US06073003003","Census Tract 30.03; San Diego County; California","4845","576",
"1400000US06073003004","Census Tract 30.04; San Diego County; California","5395","698",
"1400000US06073003101","Census Tract 31.01; San Diego County; California","4120","694",
"1400000US06073003103","Census Tract 31.03; San Diego County; California","6442","806",
"1400000US06073003105","Census Tract 31.05; San Diego County; California","4870","972",
"1400000US06073003107","Census Tract 31.07; San Diego County; California","5527","701",
"1400000US06073003108","Census Tract 31.08; San Diego County; California","3447","342",
"1400000US06073003109","Census Tract 31.09; San Diego County; California","3256","643",
"1400000US06073003111","Census Tract 31.11; San Diego County; California","6194","878",
"1400000US06073003112","Census Tract 31.12; San Diego County; California","4261","626",
"1400000US06073003113","Census Tract 31.13; San Diego County; California","4701","509",
"1400000US06073003114","Census Tract 31.14; San Diego County; California","3195","525",
"1400000US06073003115","Census Tract 31.15; San Diego County; California","5897","530",
"1400000US06073003201","Census Tract 32.01; San Diego County; California","5335","1251",
"1400000US06073003202","Census Tract 32.02; San Diego County; California","5005","655",
"1400000US06073003204","Census Tract 32.04; San Diego County; California","3692","610",
"1400000US06073003207","Census Tract 32.07; San Diego County; California","6052","899",
"1400000US06073003208","Census Tract 32.08; San Diego County; California","6664","1383",
"1400000US06073003209","Census Tract 32.09; San Diego County; California","5436","783",
"1400000US06073003211","Census Tract 32.11; San Diego County; California","3094","434",
"1400000US06073003212","Census Tract 32.12; San Diego County; California","3748","453",
"1400000US06073003213","Census Tract 32.13; San Diego County; California","3984","503",
"1400000US06073003214","Census Tract 32.14; San Diego County; California","4398","520",
"1400000US06073003301","Census Tract 33.01; San Diego County; California","3548","647",
"1400000US06073003303","Census Tract 33.03; San Diego County; California","4406","559",
"1400000US06073003304","Census Tract 33.04; San Diego County; California","3319","458",
"1400000US06073003305","Census Tract 33.05; San Diego County; California","6200","949",
"1400000US06073003401","Census Tract 34.01; San Diego County; California","6109","810",
"1400000US06073003403","Census Tract 34.03; San Diego County; California","3416","460",
"1400000US06073003404","Census Tract 34.04; San Diego County; California","4586","819",
"1400000US06073003501","Census Tract 35.01; San Diego County; California","3447","545",
"1400000US06073003502","Census Tract 35.02; San Diego County; California","4637","1177",
"1400000US06073003601","Census Tract 36.01; San Diego County; California","3151","908",
"1400000US06073003602","Census Tract 36.02; San Diego County; California","3383","789",
"1400000US06073003603","Census Tract 36.03; San Diego County; California","3281","459",
"1400000US06073003800","Census Tract 38; San Diego County; California","4573","127",
"1400000US06073003901","Census Tract 39.01; San Diego County; California","4213","668",
"1400000US06073003902","Census Tract 39.02; San Diego County; California","3786","684",
"1400000US06073004000","Census Tract 40; San Diego County; California","4253","825",
"1400000US06073004101","Census Tract 41.01; San Diego County; California","4155","568",
"1400000US06073004102","Census Tract 41.02; San Diego County; California","2103","470",
"1400000US06073004200","Census Tract 42; San Diego County; California","5678","670",
"1400000US06073004300","Census Tract 43; San Diego County; California","4181","557",
"1400000US06073004400","Census Tract 44; San Diego County; California","4033","530",
"1400000US06073004501","Census Tract 45.01; San Diego County; California","2631","247",
"1400000US06073004600","Census Tract 46; San Diego County; California","2046","375",
"1400000US06073004700","Census Tract 47; San Diego County; California","1538","303",
"1400000US06073004800","Census Tract 48; San Diego County; California","3272","631",
"1400000US06073004900","Census Tract 49; San Diego County; California","5366","856",
"1400000US06073005000","Census Tract 50; San Diego County; California","1919","419",
"1400000US06073005101","Census Tract 51.01; San Diego County; California","3953","886",
"1400000US06073005102","Census Tract 51.02; San Diego County; California","5116","462",
"1400000US06073005103","Census Tract 51.03; San Diego County; California","2980","509",
"1400000US06073005201","Census Tract 52.01; San Diego County; California","3503","546",
"1400000US06073005202","Census Tract 52.02; San Diego County; California","5665","715",
"1400000US06073005301","Census Tract 53.01; San Diego County; California","3849","427",
"1400000US06073005302","Census Tract 53.02; San Diego County; California","4426","406",
"1400000US06073005401","Census Tract 54.01; San Diego County; California","1859","404",
"1400000US06073005402","Census Tract 54.02; San Diego County; California","4577","847",
"1400000US06073005403","Census Tract 54.03; San Diego County; California","2415","345",
"1400000US06073005500","Census Tract 55; San Diego County; California","290","116",
"1400000US06073005601","Census Tract 56.01; San Diego County; California","2883","571",
"1400000US06073005602","Census Tract 56.02; San Diego County; California","2096","274",
"1400000US06073005700","Census Tract 57; San Diego County; California","2451","231",
"1400000US06073005801","Census Tract 58.01; San Diego County; California","1913","307",
"1400000US06073005802","Census Tract 58.02; San Diego County; California","2948","474",
"1400000US06073005900","Census Tract 59; San Diego County; California","3194","393",
"1400000US06073006000","Census Tract 60; San Diego County; California","4964","498",
"1400000US06073006100","Census Tract 61; San Diego County; California","2115","369",
"1400000US06073006200","Census Tract 62; San Diego County; California","28","3",
"1400000US06073006300","Census Tract 63; San Diego County; California","2038","118",
"1400000US06073006500","Census Tract 65; San Diego County; California","3645","402",
"1400000US06073006600","Census Tract 66; San Diego County; California","2032","299",
"1400000US06073006801","Census Tract 68.01; San Diego County; California","3205","563",
"1400000US06073006802","Census Tract 68.02; San Diego County; California","5531","597",
"1400000US06073006900","Census Tract 69; San Diego County; California","6093","1048",
"1400000US06073007002","Census Tract 70.02; San Diego County; California","3025","294",
"1400000US06073007100","Census Tract 71; San Diego County; California","4163","597",
"1400000US06073007200","Census Tract 72; San Diego County; California","5779","373",
"1400000US06073007302","Census Tract 73.02; San Diego County; California","2610","406",
"1400000US06073007303","Census Tract 73.03; San Diego County; California","1592","181",
"1400000US06073007304","Census Tract 73.04; San Diego County; California","3774","522",
"1400000US06073007401","Census Tract 74.01; San Diego County; California","2808","494",
"1400000US06073007402","Census Tract 74.02; San Diego County; California","3835","895",
"1400000US06073007501","Census Tract 75.01; San Diego County; California","3944","700",
"1400000US06073007502","Census Tract 75.02; San Diego County; California","2952","340",
"1400000US06073007601","Census Tract 76.01; San Diego County; California","1756","437",
"1400000US06073007602","Census Tract 76.02; San Diego County; California","1774","458",
"1400000US06073007701","Census Tract 77.01; San Diego County; California","3948","800",
"1400000US06073007702","Census Tract 77.02; San Diego County; California","3368","551",
"1400000US06073007800","Census Tract 78; San Diego County; California","5853","938",
"1400000US06073007905","Census Tract 79.05; San Diego County; California","2674","396",
"1400000US06073007907","Census Tract 79.07; San Diego County; California","3085","443",
"1400000US06073007908","Census Tract 79.08; San Diego County; California","3215","523",
"1400000US06073007910","Census Tract 79.10; San Diego County; California","3021","467",
"1400000US06073007911","Census Tract 79.11; San Diego County; California","2480","327",
"1400000US06073007912","Census Tract 79.12; San Diego County; California","1738","275",
"1400000US06073008002","Census Tract 80.02; San Diego County; California","2689","351",
"1400000US06073008003","Census Tract 80.03; San Diego County; California","3540","559",
"1400000US06073008006","Census Tract 80.06; San Diego County; California","3870","515",
"1400000US06073008101","Census Tract 81.01; San Diego County; California","3511","609",
"1400000US06073008102","Census Tract 81.02; San Diego County; California","3591","568",
"1400000US06073008201","Census Tract 82.01; San Diego County; California","1986","489",
"1400000US06073008202","Census Tract 82.02; San Diego County; California","1203","236",
"1400000US06073008301","Census Tract 83.01; San Diego County; California","3190","309",
"1400000US06073008303","Census Tract 83.03; San Diego County; California","3055","590",
"1400000US06073008305","Census Tract 83.05; San Diego County; California","11134","400",
"1400000US06073008306","Census Tract 83.06; San Diego County; California","2711","271",
"1400000US06073008307","Census Tract 83.07; San Diego County; California","4355","771",
"1400000US06073008310","Census Tract 83.10; San Diego County; California","6538","747",
"1400000US06073008311","Census Tract 83.11; San Diego County; California","2739","335",
"1400000US06073008312","Census Tract 83.12; San Diego County; California","4147","566",
"1400000US06073008313","Census Tract 83.13; San Diego County; California","2195","260",
"1400000US06073008324","Census Tract 83.24; San Diego County; California","7023","751",
"1400000US06073008327","Census Tract 83.27; San Diego County; California","6039","725",
"1400000US06073008328","Census Tract 83.28; San Diego County; California","7814","908",
"1400000US06073008330","Census Tract 83.30; San Diego County; California","5321","751",
"1400000US06073008331","Census Tract 83.31; San Diego County; California","2648","417",
"1400000US06073008336","Census Tract 83.36; San Diego County; California","2047","195",
"1400000US06073008337","Census Tract 83.37; San Diego County; California","4939","735",
"1400000US06073008339","Census Tract 83.39; San Diego County; California","1824","284",
"1400000US06073008343","Census Tract 83.43; San Diego County; California","4086","429",
"1400000US06073008344","Census Tract 83.44; San Diego County; California","3350","458",
"1400000US06073008345","Census Tract 83.45; San Diego County; California","4138","610",
"1400000US06073008346","Census Tract 83.46; San Diego County; California","4307","408",
"1400000US06073008347","Census Tract 83.47; San Diego County; California","6604","774",
"1400000US06073008348","Census Tract 83.48; San Diego County; California","5110","476",
"1400000US06073008349","Census Tract 83.49; San Diego County; California","3539","435",
"1400000US06073008350","Census Tract 83.50; San Diego County; California","6722","745",
"1400000US06073008351","Census Tract 83.51; San Diego County; California","5122","849",
"1400000US06073008352","Census Tract 83.52; San Diego County; California","3738","1187",
"1400000US06073008353","Census Tract 83.53; San Diego County; California","4372","612",
"1400000US06073008355","Census Tract 83.55; San Diego County; California","3065","232",
"1400000US06073008356","Census Tract 83.56; San Diego County; California","3976","562",
"1400000US06073008357","Census Tract 83.57; San Diego County; California","4619","519",
"1400000US06073008358","Census Tract 83.58; San Diego County; California","5836","977",
"1400000US06073008359","Census Tract 83.59; San Diego County; California","4324","613",
"1400000US06073008360","Census Tract 83.60; San Diego County; California","6592","1816",
"1400000US06073008361","Census Tract 83.61; San Diego County; California","2798","361",
"1400000US06073008362","Census Tract 83.62; San Diego County; California","3320","620",
"1400000US06073008363","Census Tract 83.63; San Diego County; California","5631","592",
"1400000US06073008364","Census Tract 83.64; San Diego County; California","4440","513",
"1400000US06073008365","Census Tract 83.65; San Diego County; California","2573","326",
"1400000US06073008366","Census Tract 83.66; San Diego County; California","7106","1087",
"1400000US06073008367","Census Tract 83.67; San Diego County; California","3394","373",
"1400000US06073008368","Census Tract 83.68; San Diego County; California","6134","692",
"1400000US06073008369","Census Tract 83.69; San Diego County; California","4624","1287",
"1400000US06073008370","Census Tract 83.70; San Diego County; California","3757","491",
"1400000US06073008371","Census Tract 83.71; San Diego County; California","4288","704",
"1400000US06073008372","Census Tract 83.72; San Diego County; California","3819","499",
"1400000US06073008373","Census Tract 83.73; San Diego County; California","3323","469",
"1400000US06073008374","Census Tract 83.74; San Diego County; California","3952","502",
"1400000US06073008375","Census Tract 83.75; San Diego County; California","4317","562",
"1400000US06073008376","Census Tract 83.76; San Diego County; California","6332","1205",
"1400000US06073008377","Census Tract 83.77; San Diego County; California","2008","307",
"1400000US06073008378","Census Tract 83.78; San Diego County; California","843","153",
"1400000US06073008379","Census Tract 83.79; San Diego County; California","4043","570",
"1400000US06073008380","Census Tract 83.80; San Diego County; California","6664","976",
"1400000US06073008381","Census Tract 83.81; San Diego County; California","3255","1054",
"1400000US06073008501","Census Tract 85.01; San Diego County; California","5923","982",
"1400000US06073008502","Census Tract 85.02; San Diego County; California","6507","1304",
"1400000US06073008503","Census Tract 85.03; San Diego County; California","7840","1710",
"1400000US06073008504","Census Tract 85.04; San Diego County; California","5774","894",
"1400000US06073008505","Census Tract 85.05; San Diego County; California","5419","598",
"1400000US06073008506","Census Tract 85.06; San Diego County; California","4027","434",
"1400000US06073008507","Census Tract 85.07; San Diego County; California","6606","893",
"1400000US06073008509","Census Tract 85.09; San Diego County; California","6558","751",
"1400000US06073008510","Census Tract 85.10; San Diego County; California","5814","562",
"1400000US06073008511","Census Tract 85.11; San Diego County; California","5607","980",
"1400000US06073008512","Census Tract 85.12; San Diego County; California","4137","349",
"1400000US06073008513","Census Tract 85.13; San Diego County; California","2946","365",
"1400000US06073008600","Census Tract 86; San Diego County; California","6204","1040",
"1400000US06073008701","Census Tract 87.01; San Diego County; California","3169","422",
"1400000US06073008702","Census Tract 87.02; San Diego County; California","4980","623",
"1400000US06073008800","Census Tract 88; San Diego County; California","6061","862",
"1400000US06073008901","Census Tract 89.01; San Diego County; California","5576","836",
"1400000US06073008902","Census Tract 89.02; San Diego County; California","3973","568",
"1400000US06073009000","Census Tract 90; San Diego County; California","3778","456",
"1400000US06073009101","Census Tract 91.01; San Diego County; California","5425","682",
"1400000US06073009102","Census Tract 91.02; San Diego County; California","4204","830",
"1400000US06073009103","Census Tract 91.03; San Diego County; California","4011","501",
"1400000US06073009104","Census Tract 91.04; San Diego County; California","3064","339",
"1400000US06073009107","Census Tract 91.07; San Diego County; California","5266","710",
"1400000US06073009108","Census Tract 91.08; San Diego County; California","2133","324",
"1400000US06073009109","Census Tract 91.09; San Diego County; California","3281","74",
"1400000US06073009201","Census Tract 92.01; San Diego County; California","6288","915",
"1400000US06073009203","Census Tract 92.03; San Diego County; California","4554","458",
"1400000US06073009204","Census Tract 92.04; San Diego County; California","4129","1224",
"1400000US06073009301","Census Tract 93.01; San Diego County; California","5084","1088",
"1400000US06073009305","Census Tract 93.05; San Diego County; California","6104","978",
"1400000US06073009306","Census Tract 93.06; San Diego County; California","5589","725",
"1400000US06073009307","Census Tract 93.07; San Diego County; California","4846","555",
"1400000US06073009308","Census Tract 93.08; San Diego County; California","4200","876",
"1400000US06073009400","Census Tract 94; San Diego County; California","4394","399",
"1400000US06073009502","Census Tract 95.02; San Diego County; California","3918","534",
"1400000US06073009504","Census Tract 95.04; San Diego County; California","6428","669",
"1400000US06073009505","Census Tract 95.05; San Diego County; California","6286","678",
"1400000US06073009506","Census Tract 95.06; San Diego County; California","4366","414",
"1400000US06073009507","Census Tract 95.07; San Diego County; California","4056","612",
"1400000US06073009509","Census Tract 95.09; San Diego County; California","5731","825",
"1400000US06073009510","Census Tract 95.10; San Diego County; California","4109","1111",
"1400000US06073009511","Census Tract 95.11; San Diego County; California","4222","1040",
"1400000US06073009602","Census Tract 96.02; San Diego County; California","4016","532",
"1400000US06073009603","Census Tract 96.03; San Diego County; California","6548","803",
"1400000US06073009604","Census Tract 96.04; San Diego County; California","3532","472",
"1400000US06073009703","Census Tract 97.03; San Diego County; California","3565","309",
"1400000US06073009704","Census Tract 97.04; San Diego County; California","6731","969",
"1400000US06073009705","Census Tract 97.05; San Diego County; California","3868","341",
"1400000US06073009706","Census Tract 97.06; San Diego County; California","7127","787",
"1400000US06073009801","Census Tract 98.01; San Diego County; California","5311","870",
"1400000US06073009802","Census Tract 98.02; San Diego County; California","6914","959",
"1400000US06073009804","Census Tract 98.04; San Diego County; California","5636","777",
"1400000US06073009805","Census Tract 98.05; San Diego County; California","4356","360",
"1400000US06073009901","Census Tract 99.01; San Diego County; California","1310","137",
"1400000US06073009902","Census Tract 99.02; San Diego County; California","0","14",
"1400000US06073010001","Census Tract 100.01; San Diego County; California","3869","716",
"1400000US06073010003","Census Tract 100.03; San Diego County; California","4876","840",
"1400000US06073010004","Census Tract 100.04; San Diego County; California","4665","1126",
"1400000US06073010005","Census Tract 100.05; San Diego County; California","6487","818",
"1400000US06073010009","Census Tract 100.09; San Diego County; California","5298","810",
"1400000US06073010010","Census Tract 100.10; San Diego County; California","4710","604",
"1400000US06073010011","Census Tract 100.11; San Diego County; California","4006","953",
"1400000US06073010012","Census Tract 100.12; San Diego County; California","5032","858",
"1400000US06073010013","Census Tract 100.13; San Diego County; California","5259","870",
"1400000US06073010015","Census Tract 100.15; San Diego County; California","5159","1120",
"1400000US06073010016","Census Tract 100.16; San Diego County; California","3170","142",
"1400000US06073010017","Census Tract 100.17; San Diego County; California","6562","1096",
"1400000US06073010018","Census Tract 100.18; San Diego County; California","6819","767",
"1400000US06073010019","Census Tract 100.19; San Diego County; California","3683","503",
"1400000US06073010103","Census Tract 101.03; San Diego County; California","6497","1030",
"1400000US06073010104","Census Tract 101.04; San Diego County; California","3107","634",
"1400000US06073010106","Census Tract 101.06; San Diego County; California","4605","567",
"1400000US06073010107","Census Tract 101.07; San Diego County; California","5645","760",
"1400000US06073010109","Census Tract 101.09; San Diego County; California","4234","885",
"1400000US06073010110","Census Tract 101.10; San Diego County; California","7030","916",
"1400000US06073010111","Census Tract 101.11; San Diego County; California","3786","742",
"1400000US06073010112","Census Tract 101.12; San Diego County; California","5123","828",
"1400000US06073010201","Census Tract 102.01; San Diego County; California","3327","276",
"1400000US06073010202","Census Tract 102.02; San Diego County; California","3671","638",
"1400000US06073010300","Census Tract 103; San Diego County; California","3884","614",
"1400000US06073010401","Census Tract 104.01; San Diego County; California","2197","439",
"1400000US06073010402","Census Tract 104.02; San Diego County; California","5528","571",
"1400000US06073010501","Census Tract 105.01; San Diego County; California","1265","188",
"1400000US06073010502","Census Tract 105.02; San Diego County; California","5892","673",
"1400000US06073010601","Census Tract 106.01; San Diego County; California","2043","306",
"1400000US06073010800","Census Tract 108; San Diego County; California","2389","450",
"1400000US06073010900","Census Tract 109; San Diego County; California","1658","291",
"1400000US06073011000","Census Tract 110; San Diego County; California","2922","427",
"1400000US06073011100","Census Tract 111; San Diego County; California","3641","567",
"1400000US06073011300","Census Tract 113; San Diego County; California","2304","183",
"1400000US06073011601","Census Tract 116.01; San Diego County; California","5526","682",
"1400000US06073011602","Census Tract 116.02; San Diego County; California","3811","860",
"1400000US06073011700","Census Tract 117; San Diego County; California","7364","936",
"1400000US06073011801","Census Tract 118.01; San Diego County; California","3205","416",
"1400000US06073011802","Census Tract 118.02; San Diego County; California","7019","930",
"1400000US06073011902","Census Tract 119.02; San Diego County; California","6050","789",
"1400000US06073012002","Census Tract 120.02; San Diego County; California","3658","608",
"1400000US06073012003","Census Tract 120.03; San Diego County; California","2931","437",
"1400000US06073012101","Census Tract 121.01; San Diego County; California","2139","413",
"1400000US06073012102","Census Tract 121.02; San Diego County; California","2708","451",
"1400000US06073012200","Census Tract 122; San Diego County; California","3306","516",
"1400000US06073012302","Census Tract 123.02; San Diego County; California","1462","196",
"1400000US06073012303","Census Tract 123.03; San Diego County; California","3418","442",
"1400000US06073012304","Census Tract 123.04; San Diego County; California","4665","948",
"1400000US06073012401","Census Tract 124.01; San Diego County; California","3461","457",
"1400000US06073012402","Census Tract 124.02; San Diego County; California","5604","832",
"1400000US06073012501","Census Tract 125.01; San Diego County; California","3905","534",
"1400000US06073012502","Census Tract 125.02; San Diego County; California","4789","686",
"1400000US06073012600","Census Tract 126; San Diego County; California","4654","706",
"1400000US06073012700","Census Tract 127; San Diego County; California","4956","727",
"1400000US06073012800","Census Tract 128; San Diego County; California","3737","578",
"1400000US06073012900","Census Tract 129; San Diego County; California","3643","618",
"1400000US06073013000","Census Tract 130; San Diego County; California","5469","694",
"1400000US06073013102","Census Tract 131.02; San Diego County; California","7058","1091",
"1400000US06073013103","Census Tract 131.03; San Diego County; California","2435","516",
"1400000US06073013104","Census Tract 131.04; San Diego County; California","5735","877",
"1400000US06073013203","Census Tract 132.03; San Diego County; California","6018","943",
"1400000US06073013204","Census Tract 132.04; San Diego County; California","4334","723",
"1400000US06073013205","Census Tract 132.05; San Diego County; California","2195","342",
"1400000US06073013206","Census Tract 132.06; San Diego County; California","6087","768",
"1400000US06073013301","Census Tract 133.01; San Diego County; California","4863","710",
"1400000US06073013302","Census Tract 133.02; San Diego County; California","6832","2616",
"1400000US06073013303","Census Tract 133.03; San Diego County; California","4703","558",
"1400000US06073013306","Census Tract 133.06; San Diego County; California","4156","490",
"1400000US06073013307","Census Tract 133.07; San Diego County; California","4642","1096",
"1400000US06073013308","Census Tract 133.08; San Diego County; California","3901","705",
"1400000US06073013309","Census Tract 133.09; San Diego County; California","7069","927",
"1400000US06073013312","Census Tract 133.12; San Diego County; California","2943","436",
"1400000US06073013315","Census Tract 133.15; San Diego County; California","3862","538",
"1400000US06073013316","Census Tract 133.16; San Diego County; California","7768","1279",
"1400000US06073013317","Census Tract 133.17; San Diego County; California","18047","2011",
"1400000US06073013318","Census Tract 133.18; San Diego County; California","7761","1182",
"1400000US06073013319","Census Tract 133.19; San Diego County; California","9371","1681",
"1400000US06073013320","Census Tract 133.20; San Diego County; California","6317","801",
"1400000US06073013321","Census Tract 133.21; San Diego County; California","8004","1160",
"1400000US06073013322","Census Tract 133.22; San Diego County; California","4442","351",
"1400000US06073013323","Census Tract 133.23; San Diego County; California","7011","1152",
"1400000US06073013324","Census Tract 133.24; San Diego County; California","2899","337",
"1400000US06073013325","Census Tract 133.25; San Diego County; California","5457","691",
"1400000US06073013326","Census Tract 133.26; San Diego County; California","4583","1276",
"1400000US06073013327","Census Tract 133.27; San Diego County; California","5615","1351",
"1400000US06073013401","Census Tract 134.01; San Diego County; California","4692","747",
"1400000US06073013409","Census Tract 134.09; San Diego County; California","5895","674",
"1400000US06073013411","Census Tract 134.11; San Diego County; California","4958","455",
"1400000US06073013412","Census Tract 134.12; San Diego County; California","5358","518",
"1400000US06073013414","Census Tract 134.14; San Diego County; California","7406","1268",
"1400000US06073013415","Census Tract 134.15; San Diego County; California","1561","163",
"1400000US06073013416","Census Tract 134.16; San Diego County; California","4115","649",
"1400000US06073013417","Census Tract 134.17; San Diego County; California","2127","289",
"1400000US06073013418","Census Tract 134.18; San Diego County; California","5435","795",
"1400000US06073013420","Census Tract 134.20; San Diego County; California","3174","485",
"1400000US06073013421","Census Tract 134.21; San Diego County; California","4150","595",
"1400000US06073013422","Census Tract 134.22; San Diego County; California","4017","757",
"1400000US06073013423","Census Tract 134.23; San Diego County; California","3542","400",
"1400000US06073013424","Census Tract 134.24; San Diego County; California","6464","1724",
"1400000US06073013425","Census Tract 134.25; San Diego County; California","1906","330",
"1400000US06073013503","Census Tract 135.03; San Diego County; California","6247","875",
"1400000US06073013504","Census Tract 135.04; San Diego County; California","4077","622",
"1400000US06073013505","Census Tract 135.05; San Diego County; California","5450","990",
"1400000US06073013506","Census Tract 135.06; San Diego County; California","4331","417",
"1400000US06073013601","Census Tract 136.01; San Diego County; California","5214","758",
"1400000US06073013604","Census Tract 136.04; San Diego County; California","5525","693",
"1400000US06073013605","Census Tract 136.05; San Diego County; California","6383","796",
"1400000US06073013607","Census Tract 136.07; San Diego County; California","2151","557",
"1400000US06073013608","Census Tract 136.08; San Diego County; California","3801","532",
"1400000US06073013701","Census Tract 137.01; San Diego County; California","2541","346",
"1400000US06073013702","Census Tract 137.02; San Diego County; California","5743","729",
"1400000US06073013801","Census Tract 138.01; San Diego County; California","5381","1154",
"1400000US06073013802","Census Tract 138.02; San Diego County; California","3125","234",
"1400000US06073013903","Census Tract 139.03; San Diego County; California","3471","360",
"1400000US06073013905","Census Tract 139.05; San Diego County; California","4486","879",
"1400000US06073013906","Census Tract 139.06; San Diego County; California","4830","759",
"1400000US06073013907","Census Tract 139.07; San Diego County; California","3616","436",
"1400000US06073013908","Census Tract 139.08; San Diego County; California","3853","547",
"1400000US06073013909","Census Tract 139.09; San Diego County; California","4742","1093",
"1400000US06073014001","Census Tract 140.01; San Diego County; California","5020","741",
"1400000US06073014002","Census Tract 140.02; San Diego County; California","4093","561",
"1400000US06073014101","Census Tract 141.01; San Diego County; California","4139","549",
"1400000US06073014102","Census Tract 141.02; San Diego County; California","3608","512",
"1400000US06073014200","Census Tract 142; San Diego County; California","7017","717",
"1400000US06073014300","Census Tract 143; San Diego County; California","4282","593",
"1400000US06073014400","Census Tract 144; San Diego County; California","4426","457",
"1400000US06073014500","Census Tract 145; San Diego County; California","4031","700",
"1400000US06073014601","Census Tract 146.01; San Diego County; California","4791","534",
"1400000US06073014602","Census Tract 146.02; San Diego County; California","5155","562",
"1400000US06073014701","Census Tract 147.01; San Diego County; California","3688","625",
"1400000US06073014702","Census Tract 147.02; San Diego County; California","3996","663",
"1400000US06073014803","Census Tract 148.03; San Diego County; California","4692","492",
"1400000US06073014804","Census Tract 148.04; San Diego County; California","4527","648",
"1400000US06073014805","Census Tract 148.05; San Diego County; California","5131","579",
"1400000US06073014806","Census Tract 148.06; San Diego County; California","3277","627",
"1400000US06073014901","Census Tract 149.01; San Diego County; California","4994","653",
"1400000US06073014902","Census Tract 149.02; San Diego County; California","3018","276",
"1400000US06073015001","Census Tract 150.01; San Diego County; California","4418","1247",
"1400000US06073015002","Census Tract 150.02; San Diego County; California","2984","576",
"1400000US06073015100","Census Tract 151; San Diego County; California","4811","767",
"1400000US06073015200","Census Tract 152; San Diego County; California","3730","459",
"1400000US06073015301","Census Tract 153.01; San Diego County; California","3347","549",
"1400000US06073015302","Census Tract 153.02; San Diego County; California","4518","458",
"1400000US06073015403","Census Tract 154.03; San Diego County; California","2580","307",
"1400000US06073015405","Census Tract 154.05; San Diego County; California","5434","573",
"1400000US06073015406","Census Tract 154.06; San Diego County; California","2704","496",
"1400000US06073015407","Census Tract 154.07; San Diego County; California","3640","525",
"1400000US06073015408","Census Tract 154.08; San Diego County; California","4482","874",
"1400000US06073015501","Census Tract 155.01; San Diego County; California","5665","544",
"1400000US06073015502","Census Tract 155.02; San Diego County; California","3013","385",
"1400000US06073015601","Census Tract 156.01; San Diego County; California","6110","757",
"1400000US06073015602","Census Tract 156.02; San Diego County; California","2732","397",
"1400000US06073015701","Census Tract 157.01; San Diego County; California","6513","1281",
"1400000US06073015704","Census Tract 157.04; San Diego County; California","4928","834",
"1400000US06073015705","Census Tract 157.05; San Diego County; California","3771","349",
"1400000US06073015706","Census Tract 157.06; San Diego County; California","2458","512",
"1400000US06073015801","Census Tract 158.01; San Diego County; California","3947","691",
"1400000US06073015802","Census Tract 158.02; San Diego County; California","4479","612",
"1400000US06073015901","Census Tract 159.01; San Diego County; California","3442","613",
"1400000US06073015902","Census Tract 159.02; San Diego County; California","5586","839",
"1400000US06073016000","Census Tract 160; San Diego County; California","2424","403",
"1400000US06073016100","Census Tract 161; San Diego County; California","6199","913",
"1400000US06073016201","Census Tract 162.01; San Diego County; California","5537","631",
"1400000US06073016202","Census Tract 162.02; San Diego County; California","3470","632",
"1400000US06073016301","Census Tract 163.01; San Diego County; California","5120","676",
"1400000US06073016302","Census Tract 163.02; San Diego County; California","5669","895",
"1400000US06073016401","Census Tract 164.01; San Diego County; California","5194","654",
"1400000US06073016403","Census Tract 164.03; San Diego County; California","5362","1130",
"1400000US06073016404","Census Tract 164.04; San Diego County; California","4110","519",
"1400000US06073016502","Census Tract 165.02; San Diego County; California","7767","1162",
"1400000US06073016503","Census Tract 165.03; San Diego County; California","2912","412",
"1400000US06073016504","Census Tract 165.04; San Diego County; California","6521","990",
"1400000US06073016606","Census Tract 166.06; San Diego County; California","3704","525",
"1400000US06073016607","Census Tract 166.07; San Diego County; California","7167","595",
"1400000US06073016608","Census Tract 166.08; San Diego County; California","2471","330",
"1400000US06073016609","Census Tract 166.09; San Diego County; California","5673","537",
"1400000US06073016610","Census Tract 166.10; San Diego County; California","4853","981",
"1400000US06073016613","Census Tract 166.13; San Diego County; California","1945","276",
"1400000US06073016614","Census Tract 166.14; San Diego County; California","4075","417",
"1400000US06073016615","Census Tract 166.15; San Diego County; California","4230","429",
"1400000US06073016616","Census Tract 166.16; San Diego County; California","3568","309",
"1400000US06073016617","Census Tract 166.17; San Diego County; California","3607","498",
"1400000US06073016618","Census Tract 166.18; San Diego County; California","3649","510",
"1400000US06073016619","Census Tract 166.19; San Diego County; California","4319","517",
"1400000US06073016620","Census Tract 166.20; San Diego County; California","2411","367",
"1400000US06073016621","Census Tract 166.21; San Diego County; California","4265","450",
"1400000US06073016703","Census Tract 167.03; San Diego County; California","3003","814",
"1400000US06073016704","Census Tract 167.04; San Diego County; California","7583","1211",
"1400000US06073016705","Census Tract 167.05; San Diego County; California","4792","552",
"1400000US06073016706","Census Tract 167.06; San Diego County; California","2694","360",
"1400000US06073016804","Census Tract 168.04; San Diego County; California","9452","1523",
"1400000US06073016806","Census Tract 168.06; San Diego County; California","4131","424",
"1400000US06073016807","Census Tract 168.07; San Diego County; California","7822","1110",
"1400000US06073016809","Census Tract 168.09; San Diego County; California","5899","590",
"1400000US06073016810","Census Tract 168.10; San Diego County; California","2948","283",
"1400000US06073016811","Census Tract 168.11; San Diego County; California","5026","711",
"1400000US06073016812","Census Tract 168.12; San Diego County; California","2978","377",
"1400000US06073016813","Census Tract 168.13; San Diego County; California","3322","359",
"1400000US06073016901","Census Tract 169.01; San Diego County; California","7427","1376",
"1400000US06073016902","Census Tract 169.02; San Diego County; California","2425","310",
"1400000US06073017006","Census Tract 170.06; San Diego County; California","3028","585",
"1400000US06073017009","Census Tract 170.09; San Diego County; California","4079","390",
"1400000US06073017010","Census Tract 170.10; San Diego County; California","3113","314",
"1400000US06073017014","Census Tract 170.14; San Diego County; California","2674","382",
"1400000US06073017018","Census Tract 170.18; San Diego County; California","4715","636",
"1400000US06073017020","Census Tract 170.20; San Diego County; California","4382","423",
"1400000US06073017021","Census Tract 170.21; San Diego County; California","3087","818",
"1400000US06073017022","Census Tract 170.22; San Diego County; California","5695","511",
"1400000US06073017031","Census Tract 170.31; San Diego County; California","3522","316",
"1400000US06073017033","Census Tract 170.33; San Diego County; California","5525","818",
"1400000US06073017034","Census Tract 170.34; San Diego County; California","5792","890",
"1400000US06073017035","Census Tract 170.35; San Diego County; California","3396","431",
"1400000US06073017036","Census Tract 170.36; San Diego County; California","3329","378",
"1400000US06073017037","Census Tract 170.37; San Diego County; California","5194","660",
"1400000US06073017039","Census Tract 170.39; San Diego County; California","6711","858",
"1400000US06073017040","Census Tract 170.40; San Diego County; California","4386","526",
"1400000US06073017041","Census Tract 170.41; San Diego County; California","5565","491",
"1400000US06073017043","Census Tract 170.43; San Diego County; California","5590","791",
"1400000US06073017044","Census Tract 170.44; San Diego County; California","5674","635",
"1400000US06073017045","Census Tract 170.45; San Diego County; California","2293","180",
"1400000US06073017046","Census Tract 170.46; San Diego County; California","3777","502",
"1400000US06073017047","Census Tract 170.47; San Diego County; California","4260","666",
"1400000US06073017048","Census Tract 170.48; San Diego County; California","6422","634",
"1400000US06073017049","Census Tract 170.49; San Diego County; California","2945","304",
"1400000US06073017050","Census Tract 170.50; San Diego County; California","2971","421",
"1400000US06073017051","Census Tract 170.51; San Diego County; California","4904","683",
"1400000US06073017052","Census Tract 170.52; San Diego County; California","5388","730",
"1400000US06073017053","Census Tract 170.53; San Diego County; California","3462","421",
"1400000US06073017054","Census Tract 170.54; San Diego County; California","5849","717",
"1400000US06073017055","Census Tract 170.55; San Diego County; California","4958","537",
"1400000US06073017056","Census Tract 170.56; San Diego County; California","4348","580",
"1400000US06073017057","Census Tract 170.57; San Diego County; California","3856","707",
"1400000US06073017058","Census Tract 170.58; San Diego County; California","4285","745",
"1400000US06073017059","Census Tract 170.59; San Diego County; California","3302","441",
"1400000US06073017060","Census Tract 170.60; San Diego County; California","3323","731",
"1400000US06073017061","Census Tract 170.61; San Diego County; California","3663","873",
"1400000US06073017062","Census Tract 170.62; San Diego County; California","4767","709",
"1400000US06073017063","Census Tract 170.63; San Diego County; California","4257","582",
"1400000US06073017064","Census Tract 170.64; San Diego County; California","8172","2741",
"1400000US06073017065","Census Tract 170.65; San Diego County; California","10415","1817",
"1400000US06073017066","Census Tract 170.66; San Diego County; California","5413","566",
"1400000US06073017067","Census Tract 170.67; San Diego County; California","2979","308",
"1400000US06073017068","Census Tract 170.68; San Diego County; California","4608","627",
"1400000US06073017069","Census Tract 170.69; San Diego County; California","2162","213",
"1400000US06073017070","Census Tract 170.70; San Diego County; California","5572","435",
"1400000US06073017071","Census Tract 170.71; San Diego County; California","5229","1141",
"1400000US06073017104","Census Tract 171.04; San Diego County; California","4057","533",
"1400000US06073017106","Census Tract 171.06; San Diego County; California","4174","640",
"1400000US06073017107","Census Tract 171.07; San Diego County; California","3202","457",
"1400000US06073017108","Census Tract 171.08; San Diego County; California","4328","409",
"1400000US06073017109","Census Tract 171.09; San Diego County; California","6290","623",
"1400000US06073017111","Census Tract 171.11; San Diego County; California","4346","1197",
"1400000US06073017112","Census Tract 171.12; San Diego County; California","2319","284",
"1400000US06073017113","Census Tract 171.13; San Diego County; California","5175","1115",
"1400000US06073017201","Census Tract 172.01; San Diego County; California","2169","310",
"1400000US06073017202","Census Tract 172.02; San Diego County; California","1734","310",
"1400000US06073017303","Census Tract 173.03; San Diego County; California","3542","682",
"1400000US06073017305","Census Tract 173.05; San Diego County; California","3032","484",
"1400000US06073017306","Census Tract 173.06; San Diego County; California","2670","302",
"1400000US06073017307","Census Tract 173.07; San Diego County; California","2282","388",
"1400000US06073017308","Census Tract 173.08; San Diego County; California","2388","397",
"1400000US06073017403","Census Tract 174.03; San Diego County; California","4730","601",
"1400000US06073017405","Census Tract 174.05; San Diego County; California","4024","1792",
"1400000US06073017406","Census Tract 174.06; San Diego County; California","2790","464",
"1400000US06073017407","Census Tract 174.07; San Diego County; California","3078","554",
"1400000US06073017408","Census Tract 174.08; San Diego County; California","2522","338",
"1400000US06073017501","Census Tract 175.01; San Diego County; California","2855","488",
"1400000US06073017502","Census Tract 175.02; San Diego County; California","3545","440",
"1400000US06073017601","Census Tract 176.01; San Diego County; California","5143","558",
"1400000US06073017603","Census Tract 176.03; San Diego County; California","3005","484",
"1400000US06073017605","Census Tract 176.05; San Diego County; California","3931","606",
"1400000US06073017606","Census Tract 176.06; San Diego County; California","3687","502",
"1400000US06073017701","Census Tract 177.01; San Diego County; California","5137","648",
"1400000US06073017702","Census Tract 177.02; San Diego County; California","3199","435",
"1400000US06073017801","Census Tract 178.01; San Diego County; California","6941","759",
"1400000US06073017808","Census Tract 178.08; San Diego County; California","5433","665",
"1400000US06073017809","Census Tract 178.09; San Diego County; California","2625","302",
"1400000US06073017810","Census Tract 178.10; San Diego County; California","5126","804",
"1400000US06073017811","Census Tract 178.11; San Diego County; California","6485","570",
"1400000US06073017813","Census Tract 178.13; San Diego County; California","4583","723",
"1400000US06073017901","Census Tract 179.01; San Diego County; California","3874","681",
"1400000US06073017902","Census Tract 179.02; San Diego County; California","2972","769",
"1400000US06073018000","Census Tract 180; San Diego County; California","3452","437",
"1400000US06073018101","Census Tract 181.01; San Diego County; California","3465","441",
"1400000US06073018102","Census Tract 181.02; San Diego County; California","2424","539",
"1400000US06073018201","Census Tract 182.01; San Diego County; California","3025","408",
"1400000US06073018202","Census Tract 182.02; San Diego County; California","3550","753",
"1400000US06073018301","Census Tract 183.01; San Diego County; California","889","174",
"1400000US06073018302","Census Tract 183.02; San Diego County; California","1222","233",
"1400000US06073018400","Census Tract 184; San Diego County; California","3587","441",
"1400000US06073018504","Census Tract 185.04; San Diego County; California","6885","1053",
"1400000US06073018509","Census Tract 185.09; San Diego County; California","5559","784",
"1400000US06073018510","Census Tract 185.10; San Diego County; California","3042","389",
"1400000US06073018511","Census Tract 185.11; San Diego County; California","4357","485",
"1400000US06073018512","Census Tract 185.12; San Diego County; California","3719","664",
"1400000US06073018515","Census Tract 185.15; San Diego County; California","5116","833",
"1400000US06073018516","Census Tract 185.16; San Diego County; California","3860","535",
"1400000US06073018517","Census Tract 185.17; San Diego County; California","3804","607",
"1400000US06073018518","Census Tract 185.18; San Diego County; California","3308","956",
"1400000US06073018519","Census Tract 185.19; San Diego County; California","6007","939",
"1400000US06073018520","Census Tract 185.20; San Diego County; California","5213","496",
"1400000US06073018521","Census Tract 185.21; San Diego County; California","4856","530",
"1400000US06073018522","Census Tract 185.22; San Diego County; California","5332","455",
"1400000US06073018523","Census Tract 185.23; San Diego County; California","5210","734",
"1400000US06073018524","Census Tract 185.24; San Diego County; California","3448","782",
"1400000US06073018525","Census Tract 185.25; San Diego County; California","3963","509",
"1400000US06073018601","Census Tract 186.01; San Diego County; California","4749","599",
"1400000US06073018608","Census Tract 186.08; San Diego County; California","3223","381",
"1400000US06073018609","Census Tract 186.09; San Diego County; California","6249","724",
"1400000US06073018612","Census Tract 186.12; San Diego County; California","5033","922",
"1400000US06073018613","Census Tract 186.13; San Diego County; California","3572","591",
"1400000US06073018615","Census Tract 186.15; San Diego County; California","3150","1391",
"1400000US06073018616","Census Tract 186.16; San Diego County; California","3358","567",
"1400000US06073018617","Census Tract 186.17; San Diego County; California","3519","347",
"1400000US06073018618","Census Tract 186.18; San Diego County; California","3946","685",
"1400000US06073018619","Census Tract 186.19; San Diego County; California","5048","473",
"1400000US06073018620","Census Tract 186.20; San Diego County; California","2328","370",
"1400000US06073018621","Census Tract 186.21; San Diego County; California","1812","305",
"1400000US06073018622","Census Tract 186.22; San Diego County; California","5080","1007",
"1400000US06073018700","Census Tract 187; San Diego County; California","40415","2427",
"1400000US06073018801","Census Tract 188.01; San Diego County; California","3488","519",
"1400000US06073018803","Census Tract 188.03; San Diego County; California","4724","690",
"1400000US06073018804","Census Tract 188.04; San Diego County; California","5023","482",
"1400000US06073018805","Census Tract 188.05; San Diego County; California","4109","1277",
"1400000US06073018903","Census Tract 189.03; San Diego County; California","5530","1153",
"1400000US06073018904","Census Tract 189.04; San Diego County; California","6860","895",
"1400000US06073018905","Census Tract 189.05; San Diego County; California","6182","771",
"1400000US06073018906","Census Tract 189.06; San Diego County; California","6175","844",
"1400000US06073019001","Census Tract 190.01; San Diego County; California","6507","919",
"1400000US06073019002","Census Tract 190.02; San Diego County; California","4928","551",
"1400000US06073019103","Census Tract 191.03; San Diego County; California","6413","928",
"1400000US06073019105","Census Tract 191.05; San Diego County; California","7971","806",
"1400000US06073019107","Census Tract 191.07; San Diego County; California","2461","408",
"1400000US06073019108","Census Tract 191.08; San Diego County; California","2334","312",
"1400000US06073019109","Census Tract 191.09; San Diego County; California","4608","914",
"1400000US06073019110","Census Tract 191.10; San Diego County; California","4999","765",
"1400000US06073019111","Census Tract 191.11; San Diego County; California","3678","725",
"1400000US06073019203","Census Tract 192.03; San Diego County; California","2751","365",
"1400000US06073019205","Census Tract 192.05; San Diego County; California","6387","967",
"1400000US06073019206","Census Tract 192.06; San Diego County; California","5745","756",
"1400000US06073019208","Census Tract 192.08; San Diego County; California","3627","653",
"1400000US06073019209","Census Tract 192.09; San Diego County; California","2792","532",
"1400000US06073019210","Census Tract 192.10; San Diego County; California","6167","1056",
"1400000US06073019301","Census Tract 193.01; San Diego County; California","6412","1201",
"1400000US06073019303","Census Tract 193.03; San Diego County; California","7993","1192",
"1400000US06073019304","Census Tract 193.04; San Diego County; California","3186","331",
"1400000US06073019305","Census Tract 193.05; San Diego County; California","4203","664",
"1400000US06073019403","Census Tract 194.03; San Diego County; California","5717","635",
"1400000US06073019404","Census Tract 194.04; San Diego County; California","3420","321",
"1400000US06073019405","Census Tract 194.05; San Diego County; California","4050","612",
"1400000US06073019406","Census Tract 194.06; San Diego County; California","4648","736",
"1400000US06073019501","Census Tract 195.01; San Diego County; California","3250","517",
"1400000US06073019502","Census Tract 195.02; San Diego County; California","5706","942",
"1400000US06073019503","Census Tract 195.03; San Diego County; California","5372","626",
"1400000US06073019601","Census Tract 196.01; San Diego County; California","6425","1013",
"1400000US06073019602","Census Tract 196.02; San Diego County; California","6064","878",
"1400000US06073019701","Census Tract 197.01; San Diego County; California","7452","1133",
"1400000US06073019702","Census Tract 197.02; San Diego County; California","4791","554",
"1400000US06073019803","Census Tract 198.03; San Diego County; California","5783","626",
"1400000US06073019804","Census Tract 198.04; San Diego County; California","4417","521",
"1400000US06073019805","Census Tract 198.05; San Diego County; California","4245","672",
"1400000US06073019808","Census Tract 198.08; San Diego County; California","4584","737",
"1400000US06073019809","Census Tract 198.09; San Diego County; California","4372","766",
"1400000US06073019810","Census Tract 198.10; San Diego County; California","6617","1255",
"1400000US06073019811","Census Tract 198.11; San Diego County; California","6394","681",
"1400000US06073019902","Census Tract 199.02; San Diego County; California","4446","735",
"1400000US06073019903","Census Tract 199.03; San Diego County; California","4961","759",
"1400000US06073019904","Census Tract 199.04; San Diego County; California","6071","659",
"1400000US06073019905","Census Tract 199.05; San Diego County; California","5562","1014",
"1400000US06073020015","Census Tract 200.15; San Diego County; California","5500","1031",
"1400000US06073020017","Census Tract 200.17; San Diego County; California","3013","353",
"1400000US06073020019","Census Tract 200.19; San Diego County; California","7253","1138",
"1400000US06073020021","Census Tract 200.21; San Diego County; California","5534","586",
"1400000US06073020023","Census Tract 200.23; San Diego County; California","3942","409",
"1400000US06073020024","Census Tract 200.24; San Diego County; California","4220","529",
"1400000US06073020025","Census Tract 200.25; San Diego County; California","5250","572",
"1400000US06073020026","Census Tract 200.26; San Diego County; California","4447","397",
"1400000US06073020028","Census Tract 200.28; San Diego County; California","3571","339",
"1400000US06073020029","Census Tract 200.29; San Diego County; California","7007","785",
"1400000US06073020030","Census Tract 200.30; San Diego County; California","8033","1487",
"1400000US06073020031","Census Tract 200.31; San Diego County; California","6519","1513",
"1400000US06073020032","Census Tract 200.32; San Diego County; California","3230","342",
"1400000US06073020033","Census Tract 200.33; San Diego County; California","4031","704",
"1400000US06073020034","Census Tract 200.34; San Diego County; California","2549","256",
"1400000US06073020035","Census Tract 200.35; San Diego County; California","6480","766",
"1400000US06073020036","Census Tract 200.36; San Diego County; California","3567","582",
"1400000US06073020037","Census Tract 200.37; San Diego County; California","4415","974",
"1400000US06073020038","Census Tract 200.38; San Diego County; California","5685","919",
"1400000US06073020039","Census Tract 200.39; San Diego County; California","1959","281",
"1400000US06073020040","Census Tract 200.40; San Diego County; California","4333","563",
"1400000US06073020041","Census Tract 200.41; San Diego County; California","3150","351",
"1400000US06073020042","Census Tract 200.42; San Diego County; California","4759","1581",
"1400000US06073020043","Census Tract 200.43; San Diego County; California","5378","574",
"1400000US06073020044","Census Tract 200.44; San Diego County; California","9056","1504",
"1400000US06073020105","Census Tract 201.05; San Diego County; California","3990","391",
"1400000US06073020106","Census Tract 201.06; San Diego County; California","3768","598",
"1400000US06073020107","Census Tract 201.07; San Diego County; California","4681","1031",
"1400000US06073020108","Census Tract 201.08; San Diego County; California","4731","427",
"1400000US06073020109","Census Tract 201.09; San Diego County; California","4683","641",
"1400000US06073020110","Census Tract 201.10; San Diego County; California","9085","1593",
"1400000US06073020111","Census Tract 201.11; San Diego County; California","3888","388",
"1400000US06073020202","Census Tract 202.02; San Diego County; California","6550","999",
"1400000US06073020206","Census Tract 202.06; San Diego County; California","4894","637",
"1400000US06073020207","Census Tract 202.07; San Diego County; California","4939","663",
"1400000US06073020208","Census Tract 202.08; San Diego County; California","3527","1207",
"1400000US06073020209","Census Tract 202.09; San Diego County; California","4507","454",
"1400000US06073020210","Census Tract 202.10; San Diego County; California","4445","786",
"1400000US06073020211","Census Tract 202.11; San Diego County; California","5809","1011",
"1400000US06073020213","Census Tract 202.13; San Diego County; California","4060","788",
"1400000US06073020214","Census Tract 202.14; San Diego County; California","4643","656",
"1400000US06073020304","Census Tract 203.04; San Diego County; California","6153","727",
"1400000US06073020305","Census Tract 203.05; San Diego County; California","6432","758",
"1400000US06073020308","Census Tract 203.08; San Diego County; California","6685","1093",
"1400000US06073020309","Census Tract 203.09; San Diego County; California","4528","610",
"1400000US06073020310","Census Tract 203.10; San Diego County; California","9019","1183",
"1400000US06073020311","Census Tract 203.11; San Diego County; California","4151","521",
"1400000US06073020312","Census Tract 203.12; San Diego County; California","3997","389",
"1400000US06073020313","Census Tract 203.13; San Diego County; California","2675","324",
"1400000US06073020401","Census Tract 204.01; San Diego County; California","2269","244",
"1400000US06073020403","Census Tract 204.03; San Diego County; California","4089","494",
"1400000US06073020404","Census Tract 204.04; San Diego County; California","5447","606",
"1400000US06073020405","Census Tract 204.05; San Diego County; California","3469","340",
"1400000US06073020500","Census Tract 205; San Diego County; California","4261","666",
"1400000US06073020601","Census Tract 206.01; San Diego County; California","6208","844",
"1400000US06073020602","Census Tract 206.02; San Diego County; California","6320","619",
"1400000US06073020705","Census Tract 207.05; San Diego County; California","4879","528",
"1400000US06073020706","Census Tract 207.06; San Diego County; California","5974","685",
"1400000US06073020707","Census Tract 207.07; San Diego County; California","5273","659",
"1400000US06073020708","Census Tract 207.08; San Diego County; California","3817","402",
"1400000US06073020710","Census Tract 207.10; San Diego County; California","1677","277",
"1400000US06073020711","Census Tract 207.11; San Diego County; California","3604","664",
"1400000US06073020712","Census Tract 207.12; San Diego County; California","3987","415",
"1400000US06073020801","Census Tract 208.01; San Diego County; California","5146","556",
"1400000US06073020805","Census Tract 208.05; San Diego County; California","3823","499",
"1400000US06073020806","Census Tract 208.06; San Diego County; California","5230","600",
"1400000US06073020807","Census Tract 208.07; San Diego County; California","2950","394",
"1400000US06073020810","Census Tract 208.10; San Diego County; California","5005","564",
"1400000US06073020811","Census Tract 208.11; San Diego County; California","5960","873",
"1400000US06073020812","Census Tract 208.12; San Diego County; California","2163","798",
"1400000US06073020813","Census Tract 208.13; San Diego County; California","5898","1628",
"1400000US06073020902","Census Tract 209.02; San Diego County; California","2402","549",
"1400000US06073020903","Census Tract 209.03; San Diego County; California","2895","420",
"1400000US06073020904","Census Tract 209.04; San Diego County; California","2750","595",
"1400000US06073021001","Census Tract 210.01; San Diego County; California","1894","382",
"1400000US06073021002","Census Tract 210.02; San Diego County; California","1551","519",
"1400000US06073021101","Census Tract 211.01; San Diego County; California","4714","858",
"1400000US06073021102","Census Tract 211.02; San Diego County; California","3095","540",
"1400000US06073021202","Census Tract 212.02; San Diego County; California","3238","541",
"1400000US06073021204","Census Tract 212.04; San Diego County; California","6158","756",
"1400000US06073021205","Census Tract 212.05; San Diego County; California","7108","820",
"1400000US06073021206","Census Tract 212.06; San Diego County; California","3034","678",
"1400000US06073021302","Census Tract 213.02; San Diego County; California","6675","1089",
"1400000US06073021304","Census Tract 213.04; San Diego County; California","3181","821",
"1400000US06073021305","Census Tract 213.05; San Diego County; California","3876","448",
"1400000US06073021306","Census Tract 213.06; San Diego County; California","4665","655",
"1400000US06073021401","Census Tract 214.01; San Diego County; California","4176","456",
"1400000US06073021402","Census Tract 214.02; San Diego County; California","3431","1171",
"1400000US06073021501","Census Tract 215.01; San Diego County; California","3844","899",
"1400000US06073021502","Census Tract 215.02; San Diego County; California","9517","860",
"1400000US06073021600","Census Tract 216; San Diego County; California","2985","424",
"1400000US06073021800","Census Tract 218; San Diego County; California","1937","282",
"1400000US06073021900","Census Tract 219; San Diego County; California","5794","521",
"1400000US06073022000","Census Tract 220; San Diego County; California","4529","832",
"1400000US06073022101","Census Tract 221.01; San Diego County; California","2514","229",
"1400000US06073022102","Census Tract 221.02; San Diego County; California","7247","1003",
"1400000US06073990100","Census Tract 9901; San Diego County; California","0","14",
